Page,1,â^ì]èÛë‘äƒéã,1,.\Bmp\_Flow.bmp,,,,,,,,,,,,,,,,,,,,,,,,,,,,,,,,,,,,,,,,,,,,,,,,
CHA,1273,66,0,0,0,0,0,65536,1,,5,.\BMP\mark15w.bmp,,,0,0,END,0,,,,,,,,,,,,,,,,,,,,,,,,,,,,,,,,,,
CHA,0,0,0,0,0,11,0,65536,1,,5,.\BMP\alarm2.bmp,,.\BMP\alarm2.bmp,0,0,if([M949]){SHOW()},END,0,,,,,,,,,,,,,,,,,,,,,,,,,,,,,,,,,
CHA,1280,323,0,0,0,0,0,65536,1,,5,.\BMP\mark18w.bmp,,,0,0,END,0,,,,,,,,,,,,,,,,,,,,,,,,,,,,,,,,,,
CHA,9,268,0,0,0,0,0,65536,1,,5,.\BMP\mark1w.bmp,,,0,0,END,0,,,,,,,,,,,,,,,,,,,,,,,,,,,,,,,,,,
STR,1218,252,0,0,65536,,5,16777215,16777215,1,ñ˚ó≠äÌ,Reserved1,,Reserved2,Reserved3,,-16,0,0,0,0,0,0,0,128,0,0,0,0,ÇlÇr ñæí©,0,16777215,16777215,0,íPà ,20,0,0,0,0,0,0,0,128,0,0,0,0,ÇlÇr ñæí©,END,0,
STR,1270,402,0,0,65536,,5,16777215,16777215,1,ï‚ããêÖÉ|ÉìÉv,Reserved1,,Reserved2,Reserved3,,-16,0,0,0,0,0,0,0,128,0,0,0,0,ÇlÇr ñæí©,0,16777215,16777215,0,íPà ,20,0,0,0,0,0,0,0,128,0,0,0,0,ÇlÇr ñæí©,END,0,
STR,1393,446,0,0,65536,,5,16777215,16777215,1,ó‚ãpêÖÉ|ÉìÉv,Reserved1,,Reserved2,Reserved3,,-16,0,0,0,0,0,0,0,128,0,0,0,0,ÇlÇr ñæí©,0,16777215,16777215,0,íPà ,20,0,0,0,0,0,0,0,128,0,0,0,0,ÇlÇr ñæí©,END,0,
STR,1288,463,0,0,65536,,5,16777215,16777215,1,èúéºã@,Reserved1,,Reserved2,Reserved3,,-16,0,0,0,0,0,0,0,128,0,0,0,0,ÇlÇr ñæí©,0,16777215,16777215,0,íPà ,20,0,0,0,0,0,0,0,128,0,0,0,0,ÇlÇr ñæí©,END,0,
STR,1039,431,0,0,65536,,5,16777215,16777215,1,ógêÖÉ|ÉìÉv,Reserved1,,Reserved2,Reserved3,,-16,0,0,0,0,0,0,0,128,0,0,0,0,ÇlÇr ñæí©,0,16777215,16777215,0,íPà ,20,0,0,0,0,0,0,0,128,0,0,0,0,ÇlÇr ñæí©,END,0,
STR,1411,509,0,0,65536,,5,16777215,16777215,1,è¨å^ãÛãCà≥èkã@,Reserved1,,Reserved2,Reserved3,,-16,0,0,0,0,0,0,0,128,0,0,0,0,ÇlÇr ñæí©,0,16777215,16777215,0,íPà ,20,0,0,0,0,0,0,0,128,0,0,0,0,ÇlÇr ñæí©,END,0,
STR,985,460,0,0,65536,,5,16777215,16777215,1,êVëNëóïóã@,Reserved1,,Reserved2,Reserved3,,-16,0,0,0,0,0,0,0,128,0,0,0,0,ÇlÇr ñæí©,0,16777215,16777215,0,íPà ,20,0,0,0,0,0,0,0,128,0,0,0,0,ÇlÇr ñæí©,END,0,
STR,777,711,0,0,65536,,5,16777215,16777215,1,êVëNãÛãCí≤òaã@,Reserved1,,Reserved2,Reserved3,,-16,0,0,0,0,0,0,0,128,0,0,0,0,ÇlÇr ñæí©,0,16777215,16777215,0,íPà ,20,0,0,0,0,0,0,0,128,0,0,0,0,ÇlÇr ñæí©,END,0,
STR,762,199,0,0,65536,,5,16777215,16777215,1,ÉuÉâÉCÉì,Reserved1,,Reserved2,Reserved3,,-16,0,0,0,0,0,0,0,128,0,0,0,0,ÇlÇr ñæí©,0,16777215,16777215,0,íPà ,20,0,0,0,0,0,0,0,128,0,0,0,0,ÇlÇr ñæí©,END,0,
STR,756,214,0,0,65536,,5,16777215,16777215,1,É|ÉìÉv,Reserved1,,Reserved2,Reserved3,,-16,0,0,0,0,0,0,0,128,0,0,0,0,ÇlÇr ñæí©,0,16777215,16777215,0,íPà ,20,0,0,0,0,0,0,0,128,0,0,0,0,ÇlÇr ñæí©,END,0,
STR,626,208,0,0,65536,,5,16777215,16777215,1,éÂãÛí≤,Reserved1,,Reserved2,Reserved3,,-16,0,0,0,0,0,0,0,128,0,0,0,0,ÇlÇr ñæí©,0,16777215,16777215,0,íPà ,20,0,0,0,0,0,0,0,128,0,0,0,0,ÇlÇr ñæí©,END,0,
STR,636,229,0,0,65536,,5,16777215,16777215,1,ëóïóã@ÇQ,Reserved1,,Reserved2,Reserved3,,-16,0,0,0,0,0,0,0,128,0,0,0,0,ÇlÇr ñæí©,0,16777215,16777215,0,íPà ,20,0,0,0,0,0,0,0,128,0,0,0,0,ÇlÇr ñæí©,END,0,
STR,502,229,0,0,65536,,5,16777215,16777215,1,ëóïóã@ÇP,Reserved1,,Reserved2,Reserved3,,-16,0,0,0,0,0,0,0,128,0,0,0,0,ÇlÇr ñæí©,0,16777215,16777215,0,íPà ,20,0,0,0,0,0,0,0,128,0,0,0,0,ÇlÇr ñæí©,END,0,
STR,485,208,0,0,65536,,5,16777215,16777215,1,éÂãÛí≤,Reserved1,,Reserved2,Reserved3,,-16,0,0,0,400,0,0,0,128,3,2,1,17,ÇlÇr ñæí©,0,16777215,16777215,0,íPà ,20,0,0,0,0,0,0,0,128,0,0,0,0,ÇlÇr ñæí©,END,0,
STR,360,214,0,0,65536,,5,16777215,16777215,1,â∑êÖÉ|ÉìÉv,Reserved1,,Reserved2,Reserved3,,-16,0,0,0,0,0,0,0,128,0,0,0,0,ÇlÇr ñæí©,0,16777215,16777215,0,íPà ,20,0,0,0,0,0,0,0,128,0,0,0,0,ÇlÇr ñæí©,END,0,
STR,325,107,0,0,65536,,5,16777215,16777215,1,â∑êÖâ¡éºäÌ,Reserved1,,Reserved2,Reserved3,,-16,0,0,0,400,0,0,0,128,3,2,1,17,ÇlÇr ñæí©,0,16777215,16777215,0,íPà ,20,0,0,0,0,0,0,0,128,0,0,0,0,ÇlÇr ñæí©,END,0,
STR,946,298,0,0,65536,,5,16777215,16777215,1,ó‚î}É|ÉìÉvÇQ,Reserved1,,Reserved2,Reserved3,,-16,0,0,0,0,0,0,0,128,0,0,0,0,ÇlÇr ñæí©,0,16777215,16777215,0,íPà ,20,0,0,0,0,0,0,0,128,0,0,0,0,ÇlÇr ñæí©,END,0,
STR,963,179,0,0,65536,,5,16777215,16777215,1,ó‚î}É|ÉìÉvÇP,Reserved1,,Reserved2,Reserved3,,-16,0,0,0,0,0,0,0,128,0,0,0,0,ÇlÇr ñæí©,0,16777215,16777215,0,íPà ,20,0,0,0,0,0,0,0,128,0,0,0,0,ÇlÇr ñæí©,END,0,
STR,1049,252,0,0,65536,,5,16777215,16777215,1,É`ÉÉÉìÉo,Reserved1,,Reserved2,Reserved3,,-16,0,0,0,0,0,0,0,128,0,0,0,0,ÇlÇr ñæí©,0,16777215,16777215,0,íPà ,20,0,0,0,0,0,0,0,128,0,0,0,0,ÇlÇr ñæí©,END,0,
STR,1052,145,0,0,65536,,5,16777215,16777215,1,ÉTÉNÉVÉáÉì,Reserved1,,Reserved2,Reserved3,,-16,0,0,0,0,0,0,0,128,0,0,0,0,ÇlÇr ñæí©,0,16777215,16777215,0,íPà ,20,0,0,0,0,0,0,0,128,0,0,0,0,ÇlÇr ñæí©,END,0,
STR,1049,160,0,0,65536,,5,16777215,16777215,1,É`ÉÉÉìÉo,Reserved1,,Reserved2,Reserved3,,-16,0,0,0,0,0,0,0,128,0,0,0,0,ÇlÇr ñæí©,0,16777215,16777215,0,íPà ,20,0,0,0,0,0,0,0,128,0,0,0,0,ÇlÇr ñæí©,END,0,
STR,1052,236,0,0,65536,,5,16777215,16777215,1,ÉTÉNÉVÉáÉì,Reserved1,,Reserved2,Reserved3,,-16,0,0,0,0,0,0,0,128,0,0,0,0,ÇlÇr ñæí©,0,16777215,16777215,0,íPà ,20,0,0,0,0,0,0,0,128,0,0,0,0,ÇlÇr ñæí©,END,0,
STR,248,360,0,0,65536,,5,8388608,16777215,1,éÂééå±é∫,Reserved1,,Reserved2,Reserved3,,-16,0,0,0,400,0,0,0,128,3,2,1,17,ÇlÇr ñæí©,0,16777215,16777215,0,íPà ,20,0,0,0,0,0,0,0,128,0,0,0,0,ÇlÇr ñæí©,END,0,
STR,85,358,0,0,65536,,5,8388608,16777215,1,ëOé∫,Reserved1,,Reserved2,Reserved3,,-16,0,0,0,400,0,0,0,128,3,2,1,17,ÇlÇr ñæí©,0,16777215,16777215,0,íPà ,20,0,0,0,0,0,0,0,128,0,0,0,0,ÇlÇr ñæí©,END,0,
STR,306,448,0,0,65536,,5,16777215,16777215,1,îrÉKÉXëóïóã@,Reserved1,,Reserved2,Reserved3,,-16,0,0,0,0,0,0,0,128,0,0,0,0,ÇlÇr ñæí©,0,16777215,16777215,0,íPà ,20,0,0,0,0,0,0,0,128,0,0,0,0,ÇlÇr ñæí©,END,0,
STR,405,516,0,0,65536,,5,16777215,16777215,1,ìÆóÕëïíuó‚ãpëóïóã@,Reserved1,,Reserved2,Reserved3,,-16,0,0,0,0,0,0,0,128,0,0,0,0,ÇlÇr ñæí©,0,16777215,16777215,0,íPà ,20,0,0,0,0,0,0,0,128,0,0,0,0,ÇlÇr ñæí©,END,0,
STR,243,618,0,0,65536,,5,16777215,16777215,1,îrïóëóïóã@,Reserved1,,Reserved2,Reserved3,,-16,0,0,0,0,0,0,0,128,0,0,0,0,ÇlÇr ñæí©,0,16777215,16777215,0,íPà ,20,0,0,0,0,0,0,0,128,0,0,0,0,ÇlÇr ñæí©,END,0,
STR,881,796,0,0,65536,,5,16777215,16777215,1,êVëNãÛãCèúéºã@,Reserved1,,Reserved2,Reserved3,,-16,0,0,0,0,0,0,0,128,0,0,0,0,ÇlÇr ñæí©,0,16777215,16777215,0,íPà ,20,0,0,0,0,0,0,0,128,0,0,0,0,ÇlÇr ñæí©,END,0,
STR,1165,798,0,0,65536,,5,16777215,16777215,1,â∑êÖêÙèÚäÌ,Reserved1,,Reserved2,Reserved3,,-16,0,0,0,0,0,0,0,128,0,0,0,0,ÇlÇr ñæí©,0,16777215,16777215,0,íPà ,20,0,0,0,0,0,0,0,128,0,0,0,0,ÇlÇr ñæí©,END,0,
STR,1428,799,0,0,65536,,5,16777215,16777215,1,É{ÉCÉâÅ[,Reserved1,,Reserved2,Reserved3,,-16,0,0,0,0,0,0,0,128,0,0,0,0,ÇlÇr ñæí©,0,16777215,16777215,0,íPà ,20,0,0,0,0,0,0,0,128,0,0,0,0,ÇlÇr ñæí©,END,0,
STR,1535,798,0,0,65536,,5,16777215,16777215,1,íÜòaëïíu,Reserved1,,Reserved2,Reserved3,,-16,0,0,0,0,0,0,0,128,0,0,0,0,ÇlÇr ñæí©,0,16777215,16777215,0,íPà ,20,0,0,0,0,0,0,0,128,0,0,0,0,ÇlÇr ñæí©,END,0,
CHA,213,457,0,0,0,0,0,65536,1,,5,.\BMP\mark5w.bmp,,,0,0,END,0,,,,,,,,,,,,,,,,,,,,,,,,,,,,,,,,,,
CHA,264,518,0,0,0,0,0,65536,1,,5,.\BMP\mark5w.bmp,,,0,0,END,0,,,,,,,,,,,,,,,,,,,,,,,,,,,,,,,,,,
CHA,181,573,0,0,0,0,0,65536,1,,5,.\BMP\mark5w.bmp,,,0,0,END,0,,,,,,,,,,,,,,,,,,,,,,,,,,,,,,,,,,
CHA,978,382,0,0,0,0,0,65536,1,,5,.\BMP\mark12w.bmp,,,0,0,END,0,,,,,,,,,,,,,,,,,,,,,,,,,,,,,,,,,,
CHA,978,86,0,0,0,0,0,65536,1,,5,.\BMP\mark13w.bmp,,,0,0,END,0,,,,,,,,,,,,,,,,,,,,,,,,,,,,,,,,,,
CHA,978,177,0,0,0,0,0,65536,1,,5,.\BMP\mark13w.bmp,,,0,0,END,0,,,,,,,,,,,,,,,,,,,,,,,,,,,,,,,,,,
CHA,1122,145,0,0,0,0,0,65536,1,,5,.\BMP\mark14w.bmp,,,0,0,END,0,,,,,,,,,,,,,,,,,,,,,,,,,,,,,,,,,,
CHA,1121,238,0,0,0,0,0,65536,1,,5,.\BMP\mark14w.bmp,,,0,0,END,0,,,,,,,,,,,,,,,,,,,,,,,,,,,,,,,,,,
CHA,1193,355,0,0,0,0,0,65536,1,,5,.\BMP\mark3rw.bmp,,,0,0,END,0,,,,,,,,,,,,,,,,,,,,,,,,,,,,,,,,,,
CHA,1332,404,0,0,0,0,0,65536,1,,5,.\BMP\mark3rw.bmp,,,0,0,END,0,,,,,,,,,,,,,,,,,,,,,,,,,,,,,,,,,,
CHA,895,252,0,0,0,0,0,65536,1,,5,.\BMP\mark3lw.bmp,,,0,0,END,0,,,,,,,,,,,,,,,,,,,,,,,,,,,,,,,,,,
STR,397,399,0,0,65536,,5,16777215,16777215,1,-100.0,Reserved1,0.0,Reserved2,Reserved3,[D1904],-16,0,0,0,400,0,0,0,128,3,2,1,17,ÇlÇr ñæí©,1,16777215,0,0,Åé,20,0,0,0,0,0,0,0,128,0,0,0,0,ÇlÇr ñæí©,END,0,
STR,397,419,0,0,65536,,5,16777215,16777215,1,-100.0,Reserved1,0.0,Reserved2,Reserved3,[D1905],-16,0,0,0,400,0,0,0,128,3,2,1,17,ÇlÇr ñæí©,1,16777215,0,0,Åé,20,0,0,0,0,0,0,0,128,0,0,0,0,ÇlÇr ñæí©,END,0,
STR,397,439,0,0,65536,,5,16777215,16777215,1,-100.0,Reserved1,0.0,Reserved2,Reserved3,[D1906],-16,0,0,0,400,0,0,0,128,3,2,1,17,ÇlÇr ñæí©,1,16777215,0,0,Åé,20,0,0,0,0,0,0,0,128,0,0,0,0,ÇlÇr ñæí©,END,0,
STR,397,459,0,0,65536,,5,16777215,16777215,1,-100.0,Reserved1,0.0,Reserved2,Reserved3,[D1907],-16,0,0,0,400,0,0,0,128,3,2,1,17,ÇlÇr ñæí©,1,16777215,0,0,Åé,20,0,0,0,0,0,0,0,128,0,0,0,0,ÇlÇr ñæí©,END,0,
STR,397,479,0,0,65536,,5,16777215,16777215,1,-100.0,Reserved1,0.0,Reserved2,Reserved3,[D1908],-16,0,0,0,400,0,0,0,128,3,2,1,17,ÇlÇr ñæí©,1,16777215,0,0,Åé,20,0,0,0,0,0,0,0,128,0,0,0,0,ÇlÇr ñæí©,END,0,
CHA,791,469,0,0,0,0,0,65536,1,,5,.\BMP\mark10w.bmp,,,0,0,END,0,,,,,,,,,,,,,,,,,,,,,,,,,,,,,,,,,,
CHA,1334,443,0,0,0,0,0,65536,1,,5,.\BMP\mark16w.bmp,,,0,0,END,0,,,,,,,,,,,,,,,,,,,,,,,,,,,,,,,,,,
CHA,1129,510,0,0,0,0,0,65536,1,,5,.\BMP\mark17w.bmp,,,0,0,END,0,,,,,,,,,,,,,,,,,,,,,,,,,,,,,,,,,,
CHA,865,631,0,0,0,0,0,65536,1,,5,.\BMP\mark11w.bmp,,,0,0,END,0,,,,,,,,,,,,,,,,,,,,,,,,,,,,,,,,,,
CHA,497,193,0,0,0,0,0,65536,1,,5,.\BMP\mark4w.bmp,,,0,0,END,0,,,,,,,,,,,,,,,,,,,,,,,,,,,,,,,,,,
CHA,498,127,0,0,0,0,0,65536,1,,5,.\BMP\mark7w.bmp,,,0,0,END,0,,,,,,,,,,,,,,,,,,,,,,,,,,,,,,,,,,
CHA,1042,322,0,0,0,0,0,65536,1,,5,.\BMP\mark9w.bmp,,,0,0,END,0,,,,,,,,,,,,,,,,,,,,,,,,,,,,,,,,,,
CHA,690,644,0,0,0,0,0,65536,1,,5,.\BMP\mark9w.bmp,,,0,0,END,0,,,,,,,,,,,,,,,,,,,,,,,,,,,,,,,,,,
CHA,1297,638,0,0,0,0,0,65536,1,,5,.\BMP\mark2w.bmp,,,0,0,END,0,,,,,,,,,,,,,,,,,,,,,,,,,,,,,,,,,,
CHA,688,138,0,0,0,0,0,65536,1,,5,.\BMP\mark8w.bmp,,,0,0,END,0,,,,,,,,,,,,,,,,,,,,,,,,,,,,,,,,,,
CHA,749,138,0,0,0,0,0,65536,1,,5,.\BMP\mark8w.bmp,,,0,0,END,0,,,,,,,,,,,,,,,,,,,,,,,,,,,,,,,,,,
CHA,1213,599,0,0,0,0,0,65536,1,,5,.\BMP\mark11w.bmp,,,0,0,END,0,,,,,,,,,,,,,,,,,,,,,,,,,,,,,,,,,,
CHA,1253,464,0,0,0,0,0,65536,1,,5,.\BMP\mark2w.bmp,,,0,0,END,0,,,,,,,,,,,,,,,,,,,,,,,,,,,,,,,,,,
CHA,271,108,0,0,0,0,0,65536,1,,5,.\BMP\mark2w.bmp,,,0,0,END,0,,,,,,,,,,,,,,,,,,,,,,,,,,,,,,,,,,
CHA,678,193,0,0,0,0,0,65536,1,,5,.\BMP\mark3tw.bmp,,,0,0,END,0,,,,,,,,,,,,,,,,,,,,,,,,,,,,,,,,,,
CHA,1332,404,0,0,0,0,0,65536,1,,5,.\bmp\mark3gr.bmp,,.\bmp\mark3gr.bmp,0,0,if([M964]){SHOW()},END,0,,,,,,,,,,,,,,,,,,,,,,,,,,,,,,,,,
CHA,678,193,0,0,0,0,0,65536,1,,5,.\bmp\mark3gu.bmp,,.\bmp\mark3gu.bmp,0,0,if([M978]){SHOW()},END,0,,,,,,,,,,,,,,,,,,,,,,,,,,,,,,,,,
CHA,895,252,0,0,0,0,0,65536,1,,5,.\bmp\mark3gl.bmp,,.\bmp\mark3gl.bmp,0,0,if([M971]){SHOW()},END,0,,,,,,,,,,,,,,,,,,,,,,,,,,,,,,,,,
CHA,213,457,0,0,0,0,0,65536,1,,5,.\bmp\mark5g.bmp,,.\bmp\mark5g.bmp,0,0,if([M976]){SHOW()},END,0,,,,,,,,,,,,,,,,,,,,,,,,,,,,,,,,,
CHA,264,518,0,0,0,0,0,65536,1,,5,.\bmp\mark5g.bmp,,.\bmp\mark5g.bmp,0,0,if([M980]){SHOW()},END,0,,,,,,,,,,,,,,,,,,,,,,,,,,,,,,,,,
CHA,181,573,0,0,0,0,0,65536,1,,5,.\bmp\mark5g.bmp,,.\bmp\mark5g.bmp,0,0,if([M981]){SHOW()},END,0,,,,,,,,,,,,,,,,,,,,,,,,,,,,,,,,,
CHA,978,382,0,0,0,0,0,65536,1,,5,.\bmp\mark12g.bmp,,.\bmp\mark12g.bmp,0,0,if([M966]){SHOW()},END,0,,,,,,,,,,,,,,,,,,,,,,,,,,,,,,,,,
CHA,1280,323,0,0,0,0,0,65536,1,,5,.\bmp\mark18g.bmp,,.\bmp\mark18g.bmp,0,0,if([M963]){SHOW()},END,0,,,,,,,,,,,,,,,,,,,,,,,,,,,,,,,,,
CHA,1193,355,0,0,0,0,0,65536,1,,5,.\bmp\mark3gr.bmp,,.\bmp\mark3gr.bmp,0,0,if([M965]){SHOW()},END,0,,,,,,,,,,,,,,,,,,,,,,,,,,,,,,,,,
CHA,1213,599,0,0,0,0,0,65536,1,,5,.\bmp\mark11g.bmp,,.\bmp\mark11g.bmp,0,0,if([M977]){SHOW()},END,0,,,,,,,,,,,,,,,,,,,,,,,,,,,,,,,,,
CHA,1334,443,0,0,0,0,0,65536,1,,5,.\bmp\mark16g.bmp,,.\bmp\mark16g.bmp,0,0,if([M967]){SHOW()},END,0,,,,,,,,,,,,,,,,,,,,,,,,,,,,,,,,,
CHA,791,469,0,0,0,0,0,65536,1,,5,.\bmp\mark10r.bmp,,.\bmp\mark10r.bmp,0,0,if([M936]){SHOW()},if([1]){BLINK(FAST)},END,0,,,,,,,,,,,,,,,,,,,,,,,,,,,,,,,,
LINE,512,195,0,0,65536,,5,499,224,1959605,65280,1,0,1,1,0,0,0,if([M972]){SHOW()},END,0,,,,,,,,,,,,,,,,,,,,,,,,,,,,,,,
LINE,567,194,0,0,65536,,5,556,223,1959605,65280,1,0,1,1,0,0,0,if([M973]){SHOW()},END,0,,,,,,,,,,,,,,,,,,,,,,,,,,,,,,,
LINE,1302,69,0,0,65536,,5,1275,86,1959605,65280,1,0,1,1,0,0,0,if([M990]){SHOW()},END,0,,,,,,,,,,,,,,,,,,,,,,,,,,,,,,,
LINE,1333,70,0,0,65536,,5,1304,86,1959605,65280,1,0,1,1,0,0,0,if([M991]){SHOW()},END,0,,,,,,,,,,,,,,,,,,,,,,,,,,,,,,,
LINE,1333,91,0,0,65536,,5,1275,110,1959605,65280,1,0,1,1,0,0,0,if([M990]){SHOW()},END,0,,,,,,,,,,,,,,,,,,,,,,,,,,,,,,,
CHA,1275,156,0,0,0,0,0,65536,1,,5,.\BMP\mark15w.bmp,,,0,0,END,0,,,,,,,,,,,,,,,,,,,,,,,,,,,,,,,,,,
LINE,1335,181,0,0,65536,,5,1278,202,1959605,65280,1,0,1,1,0,0,0,if([M992]){SHOW()},END,0,,,,,,,,,,,,,,,,,,,,,,,,,,,,,,,
CHA,895,252,0,0,0,0,0,65536,1,,5,.\bmp\mark3rl.bmp,,.\bmp\mark3rl.bmp,0,0,if([M934] || [M942]){SHOW()},if([1]){BLINK(FAST)},END,0,,,,,,,,,,,,,,,,,,,,,,,,,,,,,,,,
CHA,895,136,0,0,0,0,0,65536,1,,5,.\BMP\mark3lw.bmp,,,0,0,END,0,,,,,,,,,,,,,,,,,,,,,,,,,,,,,,,,,,
CHA,895,136,0,0,0,0,0,65536,1,,5,.\bmp\mark3gl.bmp,,.\bmp\mark3gl.bmp,0,0,if([M969]){SHOW()},END,0,,,,,,,,,,,,,,,,,,,,,,,,,,,,,,,,,
CHA,895,136,0,0,0,0,0,65536,1,,5,.\bmp\mark3rl.bmp,,.\bmp\mark3rl.bmp,0,0,if([M933] || [M941]){SHOW()},if([1]){BLINK(FAST)},END,0,,,,,,,,,,,,,,,,,,,,,,,,,,,,,,,,
CHA,678,193,0,0,0,0,0,65536,1,,5,.\bmp\mark3ru.bmp,,.\bmp\mark3ru.bmp,0,0,if([M939] || [M944]){SHOW()},if([1]){BLINK(FAST)},END,0,,,,,,,,,,,,,,,,,,,,,,,,,,,,,,,,
CHA,1280,323,0,0,0,0,0,65536,1,,5,.\bmp\mark18r.bmp,,.\bmp\mark18r.bmp,0,0,if([M922] || [M945] || [M952]){SHOW()},if([1]){BLINK(FAST)},END,0,,,,,,,,,,,,,,,,,,,,,,,,,,,,,,,,
STR,1344,354,0,0,65536,,5,8388608,16777215,1,ó‚ãpìÉ,Reserved1,,Reserved2,Reserved3,,-16,0,0,0,400,0,0,0,128,3,2,1,17,ÇlÇr ñæí©,0,16777215,16777215,0,íPà ,20,0,0,0,0,0,0,0,128,0,0,0,0,ÇlÇr ñæí©,END,0,
CHA,1332,404,0,0,0,0,0,65536,1,,5,.\bmp\mark3rr.bmp,,.\bmp\mark3rr.bmp,0,0,if([M912] || [M921]){SHOW()},if([1]){BLINK(FAST)},END,0,,,,,,,,,,,,,,,,,,,,,,,,,,,,,,,,
CHA,1193,355,0,0,0,0,0,65536,1,,5,.\bmp\mark3rr.bmp,,.\bmp\mark3rr.bmp,0,0,if([M923]){SHOW()},if([1]){BLINK(FAST)},END,0,,,,,,,,,,,,,,,,,,,,,,,,,,,,,,,,
CHA,978,382,0,0,0,0,0,65536,1,,5,.\bmp\mark12r.bmp,,.\bmp\mark12r.bmp,0,0,if([M924]){SHOW()},if([1]){BLINK(FAST)},END,0,,,,,,,,,,,,,,,,,,,,,,,,,,,,,,,,
CHA,690,644,0,0,0,0,0,65536,1,,5,.\bmp\mark9g.bmp,,.\bmp\mark9g.bmp,0,0,if([M975]){SHOW()},END,0,,,,,,,,,,,,,,,,,,,,,,,,,,,,,,,,,
CHA,1297,638,0,0,0,0,0,65536,1,,5,.\bmp\mark2r.bmp,,.\bmp\mark2r.bmp,0,0,if([M932]){SHOW()},if([1]){BLINK(FAST)},END,0,,,,,,,,,,,,,,,,,,,,,,,,,,,,,,,,
CHA,690,644,0,0,0,0,0,65536,1,,5,.\bmp\mark9r.bmp,,.\bmp\mark9r.bmp,0,0,if([M927]){SHOW()},if([1]){BLINK(FAST)},END,0,,,,,,,,,,,,,,,,,,,,,,,,,,,,,,,,
CHA,1334,443,0,0,0,0,0,65536,1,,5,.\bmp\mark16r.bmp,,.\bmp\mark16r.bmp,0,0,if([M929]){SHOW()},if([1]){BLINK(FAST)},END,0,,,,,,,,,,,,,,,,,,,,,,,,,,,,,,,,
CHA,181,573,0,0,0,0,0,65536,1,,5,.\bmp\mark5r.bmp,,.\bmp\mark5r.bmp,0,0,if([M931]){SHOW()},if([1]){BLINK(FAST)},END,0,,,,,,,,,,,,,,,,,,,,,,,,,,,,,,,,
CHA,264,518,0,0,0,0,0,65536,1,,5,.\bmp\mark5r.bmp,,.\bmp\mark5r.bmp,0,0,if([M930]){SHOW()},if([1]){BLINK(FAST)},END,0,,,,,,,,,,,,,,,,,,,,,,,,,,,,,,,,
CHA,213,457,0,0,0,0,0,65536,1,,5,.\bmp\mark5r.bmp,,.\bmp\mark5r.bmp,0,0,if([M938]){SHOW()},if([1]){BLINK(FAST)},END,0,,,,,,,,,,,,,,,,,,,,,,,,,,,,,,,,
LINE,568,194,0,0,65536,,5,556,223,255,255,1,0,1,1,0,0,0,if([M926]){SHOW()},if([1]){BLINK(FAST)},END,0,,,,,,,,,,,,,,,,,,,,,,,,,,,,,,
LINE,512,195,0,0,65536,,5,499,224,255,255,1,0,1,1,0,0,0,if([M925]){SHOW()},if([1]){BLINK(FAST)},END,0,,,,,,,,,,,,,,,,,,,,,,,,,,,,,,
CHA,497,193,0,0,0,0,0,65536,1,,5,.\bmp\mark4r.bmp,,.\bmp\mark4r.bmp,0,0,if([M935]){SHOW()},if([1]){BLINK(FAST)},END,0,,,,,,,,,,,,,,,,,,,,,,,,,,,,,,,,
LINE,1334,91,0,0,65536,,5,1275,112,255,255,1,0,1,1,0,0,0,if([M919] || [M946] || [M950]){SHOW()},if([1]){BLINK(FAST)},END,0,,,,,,,,,,,,,,,,,,,,,,,,,,,,,,
STR,1339,112,0,0,65536,,5,8388608,16777215,1,ó‚ìÄã@ÇP,Reserved1,,Reserved2,Reserved3,,-16,0,0,0,400,0,0,0,128,3,2,1,17,ÇlÇr ñæí©,0,16777215,16777215,0,íPà ,20,0,0,0,0,0,0,0,128,0,0,0,0,ÇlÇr ñæí©,END,0,
LINE,1335,181,0,0,65536,,5,1278,202,255,255,1,0,1,1,0,0,0,if([M920] || [M947] || [M951]){SHOW()},if([1]){BLINK(FAST)},END,0,,,,,,,,,,,,,,,,,,,,,,,,,,,,,,
STR,1339,201,0,0,65536,,5,8388608,16777215,1,ó‚ìÄã@ÇQ,Reserved1,,Reserved2,Reserved3,,-16,0,0,0,400,0,0,0,128,3,2,1,17,ÇlÇr ñæí©,0,16777215,16777215,0,íPà ,20,0,0,0,0,0,0,0,128,0,0,0,0,ÇlÇr ñæí©,END,0,
LINE,1302,69,0,0,65536,,5,1274,86,255,255,1,0,1,1,0,0,0,if([M915]){SHOW()},if([1]){BLINK(FAST)},END,0,,,,,,,,,,,,,,,,,,,,,,,,,,,,,,
LINE,1334,69,0,0,65536,,5,1304,86,255,255,1,0,1,1,0,0,0,if([M916]){SHOW()},if([1]){BLINK(FAST)},END,0,,,,,,,,,,,,,,,,,,,,,,,,,,,,,,
LINE,974,463,0,0,65536,,5,918,500,12632256,12632256,1,0,1,1,0,0,0,END,0,,,,,,,,,,,,,,,,,,,,,,,,,,,,,,,,
LINE,974,463,0,0,65536,,5,918,500,1959605,65280,1,0,1,1,0,0,0,if([M974]){SHOW()},END,0,,,,,,,,,,,,,,,,,,,,,,,,,,,,,,,
LINE,976,463,0,0,65536,,5,918,500,255,255,1,0,1,1,0,0,0,if([M937]){SHOW()},if([1]){BLINK(FAST)},END,0,,,,,,,,,,,,,,,,,,,,,,,,,,,,,,
STR,136,306,0,0,65536,,5,8388608,16777215,1,-100.0,Reserved1,0.0,Reserved2,Reserved3,[D1902],-16,0,0,0,400,0,0,0,128,3,2,1,17,ÇlÇr ñæí©,1,8388608,0,0,Åé,-20,0,0,0,400,0,0,0,128,3,2,1,17,ÇlÇr ñæí©,END,0,
STR,62,304,0,0,65536,,5,8388608,16777215,1,â∑ìx,Reserved1,,Reserved2,Reserved3,,-16,0,0,0,400,0,0,0,128,3,2,1,17,ÇlÇr ñæí©,0,16777215,16777215,0,íPà ,20,0,0,0,0,0,0,0,128,0,0,0,0,ÇlÇr ñæí©,END,0,
STR,62,327,0,0,65536,,5,8388608,16777215,1,éºìx,Reserved1,,Reserved2,Reserved3,,-16,0,0,0,400,0,0,0,128,3,2,1,17,ÇlÇr ñæí©,0,16777215,16777215,0,íPà ,20,0,0,0,0,0,0,0,128,0,0,0,0,ÇlÇr ñæí©,END,0,
STR,136,329,0,0,65536,,5,8388608,16777215,1,0.0,Reserved1,0.0,Reserved2,Reserved3,[D1903],-16,0,0,0,400,0,0,0,128,3,2,1,17,ÇlÇr ñæí©,1,8388608,0,0,%RH,-20,0,0,0,400,0,0,0,128,3,2,1,17,ÇlÇr ñæí©,END,0,
STR,282,306,0,0,65536,,5,8388608,16777215,1,-100.0,Reserved1,0.0,Reserved2,Reserved3,[D1900],-16,0,0,0,400,0,0,0,128,3,2,1,17,ÇlÇr ñæí©,1,8388608,0,0,Åé,-20,0,0,0,400,0,0,0,128,3,2,1,17,ÇlÇr ñæí©,END,0,
STR,200,304,0,0,65536,,5,8388608,16777215,1,â∑ìx,Reserved1,,Reserved2,Reserved3,,-16,0,0,0,400,0,0,0,128,3,2,1,17,ÇlÇr ñæí©,0,16777215,16777215,0,íPà ,20,0,0,0,0,0,0,0,128,0,0,0,0,ÇlÇr ñæí©,END,0,
STR,200,327,0,0,65536,,5,8388608,16777215,1,éºìx,Reserved1,,Reserved2,Reserved3,,-16,0,0,0,400,0,0,0,128,3,2,1,17,ÇlÇr ñæí©,0,16777215,16777215,0,íPà ,20,0,0,0,0,0,0,0,128,0,0,0,0,ÇlÇr ñæí©,END,0,
STR,282,329,0,0,65536,,5,8388608,16777215,1,0.0,Reserved1,0.0,Reserved2,Reserved3,[D1901],-16,0,0,0,400,0,0,0,128,3,2,1,17,ÇlÇr ñæí©,1,8388608,0,0,%RH,-20,0,0,0,400,0,0,0,128,3,2,1,17,ÇlÇr ñæí©,END,0,
STR,1305,86,0,0,65536,,5,8388608,16777215,1,çÇíi,Reserved1,,Reserved2,Reserved3,,-16,0,0,0,400,0,0,0,128,3,2,1,17,ÇlÇr ñæí©,0,16777215,16777215,0,íPà ,20,0,0,0,0,0,0,0,128,0,0,0,0,ÇlÇr ñæí©,END,0,
STR,1333,86,0,0,65536,,5,8388608,16777215,1,í·íi,Reserved1,,Reserved2,Reserved3,,-16,0,0,0,400,0,0,0,128,3,2,1,17,ÇlÇr ñæí©,0,16777215,16777215,0,íPà ,-20,0,0,0,400,0,0,0,128,3,2,1,17,ÇlÇr ñæí©,END,0,
CHA,1042,322,0,0,0,0,0,65536,1,,5,.\bmp\mark9r.bmp,,.\bmp\mark9r.bmp,0,0,if([M943]){SHOW()},if([1]){BLINK(FAST)},END,0,,,,,,,,,,,,,,,,,,,,,,,,,,,,,,,,
CHA,1213,599,0,0,0,0,0,65536,1,,5,.\bmp\mark11r.bmp,,.\bmp\mark11r.bmp,0,0,if([M928]){SHOW()},if([1]){BLINK(FAST)},END,0,,,,,,,,,,,,,,,,,,,,,,,,,,,,,,,,
STR,1535,22,0,0,65536,,5,16777215,16777215,1,ëÄçÏÉÇÅ[Éhï\é¶,Reserved1,,Reserved2,Reserved3,,-16,0,0,0,0,0,0,0,128,0,0,0,0,ÇlÇr ñæí©,0,16777215,16777215,0,íPà ,20,0,0,0,0,0,0,0,128,0,0,0,0,ÇlÇr ñæí©,END,0,
LINE,1219,23,0,1,65536,GET-OPE2,1,1381,50,255,12632256,1,0,1,1,0,0,0,END,0,,,,,,,,,,,,,,,,,,,,,,,,,,,,,,,,
STR,1373,47,0,0,65536,,5,8388608,16777215,1,ëÄçÏÉÇÅ[ÉhéÊìæ,Reserved1,,Reserved2,Reserved3,,-16,0,0,0,700,0,0,0,128,3,2,1,49,ÇlÇr ÉSÉVÉbÉN,0,16777215,16777215,0,íPà ,20,0,0,0,0,0,0,0,128,0,0,0,0,ÇlÇr ñæí©,if([D1100]==[2]){STRING(ëÄçÏÉÇÅ[Éhï˙ä¸)},END,0
LINE,1394,24,8,0,65536,,5,1569,50,16777215,12632256,1,0,1,1,0,0,0,if([D1100]==[0]){SHOW()},END,0,,,,,,,,,,,,,,,,,,,,,,,,,,,,,,,
STR,1541,47,8,0,65536,,5,8388608,16777215,1,ëÄçÏå†óòñ≥Çµ,Reserved1,,Reserved2,Reserved3,,-16,0,0,0,400,0,0,0,128,3,2,1,17,ÇlÇr ñæí©,0,16777215,16777215,0,íPà ,20,0,0,0,0,0,0,0,128,0,0,0,0,ÇlÇr ñæí©,if([D1100]==[0]){SHOW()},END,0
LINE,1394,24,9,0,65536,,5,1569,50,16777215,65280,1,0,1,1,0,0,0,if([D1100]==[2]){SHOW()},END,0,,,,,,,,,,,,,,,,,,,,,,,,,,,,,,,
STR,1541,47,9,0,65536,,5,8388608,16777215,1,ëÄçÏå†èäóLíÜ,Reserved1,,Reserved2,Reserved3,,-16,0,0,0,400,0,0,0,128,3,2,1,17,ÇlÇr ñæí©,0,16777215,16777215,0,íPà ,20,0,0,0,0,0,0,0,128,0,0,0,0,ÇlÇr ñæí©,if([D1100]==[2]){SHOW()},END,0
LINE,1394,24,10,0,65536,,5,1569,50,16777215,65535,1,0,1,1,0,0,0,if([D1100]==[1]){SHOW()},END,0,,,,,,,,,,,,,,,,,,,,,,,,,,,,,,,
STR,1561,47,10,0,65536,,5,8388608,16777215,1,ëºã@ëÄçÏå†èäóLíÜ,Reserved1,,Reserved2,Reserved3,,-16,0,0,0,400,0,0,0,128,3,2,1,17,ÇlÇr ñæí©,0,16777215,16777215,0,íPà ,20,0,0,0,0,0,0,0,128,0,0,0,0,ÇlÇr ñæí©,if([D1100]==[1]){SHOW()},END,0
CHA,0,0,0,0,0,11,0,65536,1,,5,.\BMP\alarm.bmp,,.\BMP\alarm.bmp,0,0,if([M949]){SHOW()},if([1]){BLINK(FAST)},END,0,,,,,,,,,,,,,,,,,,,,,,,,,,,,,,,,
CHA,318,171,0,0,0,0,0,65536,1,,5,.\BMP\mark3rw.bmp,,,0,0,END,0,,,,,,,,,,,,,,,,,,,,,,,,,,,,,,,,,,
CHA,318,171,0,0,0,0,0,65536,1,,5,.\bmp\mark3gr.bmp,,.\bmp\mark3gr.bmp,0,0,if([M979]){SHOW()},END,0,,,,,,,,,,,,,,,,,,,,,,,,,,,,,,,,,
CHA,318,171,0,0,0,0,0,65536,1,,5,.\bmp\mark3rr.bmp,,.\bmp\mark3rr.bmp,0,0,if([M940]){SHOW()},if([1]){BLINK(FAST)},END,0,,,,,,,,,,,,,,,,,,,,,,,,,,,,,,,,
LINE,1334,69,0,0,65536,,5,1304,85,1959605,65280,1,0,1,1,0,0,0,if([M962]){SHOW()},END,0,,,,,,,,,,,,,,,,,,,,,,,,,,,,,,,
LINE,1337,159,0,0,65536,,5,1307,176,1959605,65280,1,0,1,1,0,0,0,if([M962]){SHOW()},END,0,,,,,,,,,,,,,,,,,,,,,,,,,,,,,,,
LINE,1304,160,0,0,65536,,5,1277,177,1959605,65280,1,0,1,1,0,0,0,if([M990]){SHOW()},END,0,,,,,,,,,,,,,,,,,,,,,,,,,,,,,,,
LINE,1338,159,0,0,65536,,5,1307,176,255,255,1,0,1,1,0,0,0,if([M916]){SHOW()},if([1]){BLINK(FAST)},END,0,,,,,,,,,,,,,,,,,,,,,,,,,,,,,,
LINE,1303,69,0,0,65536,,5,1273,86,1959605,65280,1,0,1,1,0,0,0,if([M962]){SHOW()},END,0,,,,,,,,,,,,,,,,,,,,,,,,,,,,,,,
STR,1220,160,0,0,65536,,5,16777215,16777215,1,ñ˚ó≠äÌ,Reserved1,,Reserved2,Reserved3,,-16,0,0,0,0,0,0,0,128,0,0,0,0,ÇlÇr ñæí©,0,16777215,16777215,0,íPà ,20,0,0,0,0,0,0,0,128,0,0,0,0,ÇlÇr ñæí©,END,0,
STR,1305,86,0,0,65536,,5,8388608,16777215,1,çÇíi,Reserved1,,Reserved2,Reserved3,,-16,0,0,0,400,0,0,0,128,3,2,1,17,ÇlÇr ñæí©,0,16777215,16777215,0,íPà ,20,0,0,0,0,0,0,0,128,0,0,0,0,ÇlÇr ñæí©,END,0,
STR,1336,86,0,0,65536,,5,8388608,16777215,1,í·íi,Reserved1,,Reserved2,Reserved3,,-16,0,0,0,400,0,0,0,128,3,2,1,17,ÇlÇr ñæí©,0,16777215,16777215,0,íPà ,20,0,0,0,0,0,0,0,128,0,0,0,0,ÇlÇr ñæí©,END,0,
LINE,1305,159,0,0,65536,,5,1276,177,255,255,1,0,1,1,0,0,0,if([M916]){SHOW()},if([1]){BLINK(FAST)},END,0,,,,,,,,,,,,,,,,,,,,,,,,,,,,,,
STR,1306,176,0,0,65536,,5,8388608,16777215,1,çÇíi,Reserved1,,Reserved2,Reserved3,,-16,0,0,0,400,0,0,0,128,3,2,1,17,ÇlÇr ñæí©,0,16777215,16777215,0,íPà ,20,0,0,0,0,0,0,0,128,0,0,0,0,ÇlÇr ñæí©,END,0,
STR,1338,176,0,0,65536,,5,8388608,16777215,1,í·íi,Reserved1,,Reserved2,Reserved3,,-16,0,0,0,400,0,0,0,128,3,2,1,17,ÇlÇr ñæí©,0,16777215,16777215,0,íPà ,20,0,0,0,0,0,0,0,128,0,0,0,0,ÇlÇr ñæí©,END,0,
LINE,1306,159,0,0,65536,,5,1275,178,1959605,65280,1,0,1,1,0,0,0,if([M962]){SHOW()},END,0,,,,,,,,,,,,,,,,,,,,,,,,,,,,,,,
STR,1306,177,0,0,65536,,5,8388608,16777215,1,çÇíi,Reserved1,,Reserved2,Reserved3,,-16,0,0,0,400,0,0,0,128,3,2,1,17,ÇlÇr ñæí©,0,16777215,16777215,0,íPà ,20,0,0,0,0,0,0,0,128,0,0,0,0,ÇlÇr ñæí©,END,0,
LINE,1338,159,0,0,65536,,5,1307,178,1959605,65280,1,0,1,1,0,0,0,if([M962]){SHOW()},END,0,,,,,,,,,,,,,,,,,,,,,,,,,,,,,,,
STR,1336,176,0,0,65536,,5,8388608,16777215,1,í·íi,Reserved1,,Reserved2,Reserved3,,-16,0,0,0,400,0,0,0,128,3,2,1,17,ÇlÇr ñæí©,0,16777215,16777215,0,íPà ,20,0,0,0,0,0,0,0,128,0,0,0,0,ÇlÇr ñæí©,END,0,
