Page,0,Œ±ğŒİ’è,0,,,,,,,,,,,,,,,,,,,,,,,,,,,,,,,,,,,,,,,,,,,,,,,,,,
STR,239,110,0,0,65536,ƒ†[ƒeƒBƒŠƒeƒBğŒ,4,16777215,16777215,1,ƒ†[ƒeƒBƒŠƒeƒB,Reserved1,,Reserved2,Reserved3,,20,0,0,0,0,0,0,0,128,0,0,0,0,‚l‚r –¾’©,0,16777215,16777215,0,’PˆÊ,20,0,0,0,0,0,0,0,128,0,0,0,0,‚l‚r –¾’©,END,0,,
LINE,1136,403,0,0,65536,,2,1175,433,16777215,12632256,1,0,1,1,0,0,0,END,0,,,,,,,,,,,,,,,,,,,,,,,,,,,,,,,,,
LINE,252,231,17,0,255,,5,355,263,16777215,12632256,1,0,1,1,0,0,0,if([M906] == [0] && [M908] == [0] && [M805] == [0] && [M804] == [0]){SHOW()},if([M961] || [M962]){COLORCHANGE()},END,0,,,,,,,,,,,,,,,,,,,,,,,,,,,,,,,
STR,333,257,17,0,65536,,5,8388608,65280,1,’â~’†,Reserved1,,Reserved2,Reserved3,,-20,0,0,0,400,0,0,0,128,3,2,1,17,‚l‚r –¾’©,0,16777215,16777215,0,’PˆÊ,20,0,0,0,0,0,0,0,128,0,0,0,0,‚l‚r –¾’©,if([M906] == [0] && [M908] == [0] && [M805] == [0] && [M804] == [0]){SHOW()},if([M961] || [M962]){STRING(§ŒÀ’†)},END,0
LINE,1072,233,41,0,12632256,,5,1175,265,16777215,65280,1,0,1,1,0,0,0,if([M907] == [0] && [M806]){SHOW()},END,0,,,,,,,,,,,,,,,,,,,,,,,,,,,,,,,,
LINE,1072,233,21,0,12632256,,5,1175,265,16777215,16777215,1,0,1,1,0,0,0,if([M907] && [M806] == [0]){SHOW()},END,0,,,,,,,,,,,,,,,,,,,,,,,,,,,,,,,,
LINE,252,231,20,0,12632256,,5,355,263,16777215,65280,1,0,1,1,0,0,0,if([M906] == [0] && [M805]){SHOW()},END,0,,,,,,,,,,,,,,,,,,,,,,,,,,,,,,,,
LINE,252,231,20,0,12632256,,5,355,263,16777215,12632256,1,0,1,1,0,0,0,if([M906] == [0] && [M805]){SHOW()},if([1]){BLINK(FAST)},END,0,,,,,,,,,,,,,,,,,,,,,,,,,,,,,,,
LINE,1472,85,0,0,65536,,5,1576,115,16777215,65280,1,0,1,1,0,0,0,if([M901]){SHOW()},END,0,,,,,,,,,,,,,,,,,,,,,,,,,,,,,,,,
LINE,1107,83,0,0,255,,5,1211,117,16777215,255,1,0,1,1,0,0,0,if([M982]){SHOW()},END,0,,,,,,,,,,,,,,,,,,,,,,,,,,,,,,,,
LINE,885,83,42,0,65536,,5,989,117,16777215,65280,1,0,1,1,0,0,0,if([M983]==[0] && [M807]){SHOW()},END,0,,,,,,,,,,,,,,,,,,,,,,,,,,,,,,,,
LINE,885,83,39,0,65536,,5,989,117,16777215,16777215,1,0,1,1,0,0,0,if([M983] && [M807]==[0]){SHOW()},END,0,,,,,,,,,,,,,,,,,,,,,,,,,,,,,,,,
LINE,576,82,43,0,255,,5,680,116,16777215,12632256,1,0,1,1,0,0,0,if([M900]==[0] && [M909]){SHOW()},END,0,,,,,,,,,,,,,,,,,,,,,,,,,,,,,,,,
LINE,576,82,43,0,255,,5,680,116,16777215,65280,1,0,1,1,0,0,0,if([M900]==[0] && [M909]){SHOW()},if([1]){BLINK(FAST)},END,0,,,,,,,,,,,,,,,,,,,,,,,,,,,,,,,
LINE,239,83,44,0,65536,,5,342,115,16777215,12632256,1,0,1,1,0,0,0,if([M986]==[0] && [M803]){SHOW()},END,0,,,,,,,,,,,,,,,,,,,,,,,,,,,,,,,,
LINE,239,83,37,0,65536,,5,342,115,16777215,16777215,1,0,1,1,0,0,0,if([M986] && [M803]==[0]){SHOW()},END,0,,,,,,,,,,,,,,,,,,,,,,,,,,,,,,,,
STR,790,510,0,0,65536,,5,16777215,16777215,1,ŠÔ,Reserved1,,Reserved2,Reserved3,,20,0,0,0,0,0,0,0,128,0,0,0,0,‚l‚r –¾’©,0,16777215,16777215,0,’PˆÊ,20,0,0,0,0,0,0,0,128,0,0,0,0,‚l‚r –¾’©,if([M1601]){SHOW()},END,0,
STR,1339,510,0,0,65536,,5,16777215,16777215,1,ŠÔ,Reserved1,,Reserved2,Reserved3,,20,0,0,0,0,0,0,0,128,0,0,0,0,‚l‚r –¾’©,0,16777215,16777215,0,’PˆÊ,20,0,0,0,0,0,0,0,128,0,0,0,0,‚l‚r –¾’©,if([M1611]){SHOW()},END,0,
STR,1338,782,0,0,65536,,5,16777215,16777215,1,ŠÔ,Reserved1,,Reserved2,Reserved3,,20,0,0,0,0,0,0,0,128,0,0,0,0,‚l‚r –¾’©,0,16777215,16777215,0,’PˆÊ,20,0,0,0,0,0,0,0,128,0,0,0,0,‚l‚r –¾’©,if([M1620]){SHOW()},END,0,
STR,1338,782,0,0,65536,,5,16777215,16777215,1,•ª,Reserved1,,Reserved2,Reserved3,,20,0,0,0,0,0,0,0,128,0,0,0,0,‚l‚r –¾’©,0,16777215,16777215,0,’PˆÊ,20,0,0,0,0,0,0,0,128,0,0,0,0,‚l‚r –¾’©,if([M1570]){SHOW()},END,0,
STR,789,781,0,0,65536,,5,16777215,16777215,1,ŠÔ,Reserved1,,Reserved2,Reserved3,,20,0,0,0,0,0,0,0,128,0,0,0,0,‚l‚r –¾’©,0,16777215,16777215,0,’PˆÊ,20,0,0,0,0,0,0,0,128,0,0,0,0,‚l‚r –¾’©,if([M1610]){SHOW()},END,0,
STR,789,781,0,0,65536,,5,16777215,16777215,1,•ª,Reserved1,,Reserved2,Reserved3,,20,0,0,0,0,0,0,0,128,0,0,0,0,‚l‚r –¾’©,0,16777215,16777215,0,’PˆÊ,20,0,0,0,0,0,0,0,128,0,0,0,0,‚l‚r –¾’©,if([M1560]){SHOW()},END,0,
LINE,1470,501,0,0,65536,PRG-ST,1,1555,532,255,12632256,1,0,1,1,0,0,0,END,0,,,,,,,,,,,,,,,,,,,,,,,,,,,,,,,,,
LINE,466,306,0,0,65536,,2,540,337,255,12632256,1,0,1,1,0,0,0,END,0,,,,,,,,,,,,,,,,,,,,,,,,,,,,,,,,,
LINE,1300,306,0,0,65536,,2,1374,337,255,12632256,1,0,1,1,0,0,0,END,0,,,,,,,,,,,,,,,,,,,,,,,,,,,,,,,,,
LINE,22,71,0,0,65536,,5,1598,125,16777215,16777215,1,0,1,0,0,0,0,END,0,,,,,,,,,,,,,,,,,,,,,,,,,,,,,,,,,
STR,568,110,0,0,65536,,5,16777215,16777215,1,ö‹C,Reserved1,,Reserved2,Reserved3,,20,0,0,0,0,0,0,0,128,0,0,0,0,‚l‚r –¾’©,0,16777215,16777215,0,’PˆÊ,20,0,0,0,0,0,0,0,128,0,0,0,0,‚l‚r –¾’©,END,0,,
STR,878,110,0,0,65536,œ‘š‰^“]ğŒ,4,16777215,16777215,1,œ‘š‰^“],Reserved1,,Reserved2,Reserved3,,20,0,0,0,0,0,0,0,128,0,0,0,0,‚l‚r –¾’©,0,16777215,16777215,0,’PˆÊ,20,0,0,0,0,0,0,0,128,0,0,0,0,‚l‚r –¾’©,END,0,,
STR,1462,110,0,0,65536,,5,16777215,16777215,1,‰^“]Ø‘Ö,Reserved1,,Reserved2,Reserved3,,20,0,0,0,0,0,0,0,128,0,0,0,0,‚l‚r –¾’©,0,16777215,16777215,0,’PˆÊ,20,0,0,0,0,0,0,0,128,0,0,0,0,‚l‚r –¾’©,END,0,,
LINE,349,83,0,1,65536,UTL-OP,1,452,115,255,12632256,1,0,1,1,0,0,0,END,0,,,,,,,,,,,,,,,,,,,,,,,,,,,,,,,,,
STR,420,109,0,0,65536,,5,8388608,65280,1,‰^“],Reserved1,,Reserved2,Reserved3,,-20,0,0,0,700,0,0,0,128,3,2,1,49,‚l‚r ƒSƒVƒbƒN,0,16777215,16777215,0,’PˆÊ,20,0,0,0,0,0,0,0,128,0,0,0,0,‚l‚r –¾’©,if([M986]){STRING(’â~)},END,0,
LINE,997,84,0,1,65536,DFT-OP,1,1100,116,255,12632256,1,0,1,1,0,0,0,END,0,,,,,,,,,,,,,,,,,,,,,,,,,,,,,,,,,
STR,1068,110,0,0,65536,,5,8388608,65280,1,‰^“],Reserved1,,Reserved2,Reserved3,,-20,0,0,0,700,0,0,0,128,3,2,1,49,‚l‚r ƒSƒVƒbƒN,0,16777215,16777215,0,’PˆÊ,20,0,0,0,0,0,0,0,128,0,0,0,0,‚l‚r –¾’©,if([M983]){STRING(’â~)},END,0,
LINE,1107,83,0,0,65280,,5,1211,117,16777215,65280,1,0,1,1,0,0,0,if([M982] == [0]){SHOW()},END,0,,,,,,,,,,,,,,,,,,,,,,,,,,,,,,,,
STR,1189,110,0,0,65536,,5,8388608,65280,1,‘š‚È‚µ,Reserved1,,Reserved2,Reserved3,,-20,0,0,0,400,0,0,0,128,3,2,1,17,‚l‚r –¾’©,0,0,16777215,0,’PˆÊ,-20,0,0,0,400,0,0,0,128,3,2,1,17,‚l‚r –¾’©,if([M982]){STRING(‘šŒŸ’m)},END,0,
STR,874,162,0,0,65536,,5,16777215,16777215,1,Œ»İ‘I‘ğ’†Œ±º,Reserved1,,Reserved2,Reserved3,,20,0,0,0,0,0,0,0,128,0,0,0,0,‚l‚r –¾’©,0,16777215,16777215,0,’PˆÊ,20,0,0,0,0,0,0,0,128,0,0,0,0,‚l‚r –¾’©,END,0,,
LINE,684,166,0,0,65536,,5,901,201,16777215,65280,1,0,1,0,0,0,0,END,0,,,,,,,,,,,,,,,,,,,,,,,,,,,,,,,,,
STR,837,193,0,0,65536,,5,16777215,65280,1,åŒ±º,Reserved1,,Reserved2,Reserved3,,20,0,0,0,0,0,0,0,128,0,0,0,0,‚l‚r –¾’©,0,16777215,16777215,0,’PˆÊ,20,0,0,0,0,0,0,0,128,0,0,0,0,‚l‚r –¾’©,if([M800]){SHOW()},END,0,
LINE,911,166,0,0,65536,Œ±º‘I‘ğ,4,993,198,255,12632256,1,0,1,1,0,0,0,END,0,,,,,,,,,,,,,,,,,,,,,,,,,,,,,,,,,
STR,970,192,0,0,65536,,5,8388608,65280,1,‘I‘ğ,Reserved1,,Reserved2,Reserved3,,-20,0,0,0,700,0,0,0,128,3,2,1,49,‚l‚r ƒSƒVƒbƒN,0,16777215,16777215,0,’PˆÊ,20,0,0,0,0,0,0,0,128,0,0,0,0,‚l‚r –¾’©,END,0,,
LINE,41,219,0,0,65536,,5,743,353,16777215,16777215,1,0,1,0,0,0,0,END,0,,,,,,,,,,,,,,,,,,,,,,,,,,,,,,,,,
STR,204,230,0,0,65536,‰·“x‰^“]ğŒ,4,16777215,0,2,‰·“x‰^“],Reserved1,,Reserved2,Reserved3,,-24,0,0,0,400,0,0,0,128,3,2,1,17,‚l‚r –¾’©,0,16777215,16777215,0,’PˆÊ,20,0,0,0,0,0,0,0,128,0,0,0,0,‚l‚r –¾’©,END,0,,
STR,1536,22,0,0,65536,,5,16777215,16777215,1,‘€ìƒ‚[ƒh•\¦,Reserved1,,Reserved2,Reserved3,,20,0,0,0,0,0,0,0,128,0,0,0,0,‚l‚r –¾’©,0,16777215,16777215,0,’PˆÊ,20,0,0,0,0,0,0,0,128,0,0,0,0,‚l‚r –¾’©,END,0,,
LINE,876,219,0,0,65536,,5,1571,352,16777215,16777215,1,0,1,0,0,0,0,END,0,,,,,,,,,,,,,,,,,,,,,,,,,,,,,,,,,
STR,1035,230,0,0,65536,¼“x‰^“]ğŒ,4,16777215,0,2,¼“x‰^“],Reserved1,,Reserved2,Reserved3,,-24,0,0,0,400,0,0,0,128,3,2,1,17,‚l‚r –¾’©,0,16777215,16777215,0,’PˆÊ,20,0,0,0,0,0,0,0,128,0,0,0,0,‚l‚r –¾’©,END,0,,
LINE,1220,23,0,1,65536,GET-OPE2,1,1382,50,255,12632256,1,0,1,1,0,0,0,END,0,,,,,,,,,,,,,,,,,,,,,,,,,,,,,,,,,
STR,1374,47,0,0,65536,,5,8388608,16777215,1,‘€ìƒ‚[ƒhæ“¾,Reserved1,,Reserved2,Reserved3,,-20,0,0,0,700,0,0,0,128,3,2,1,49,‚l‚r ƒSƒVƒbƒN,0,16777215,16777215,0,’PˆÊ,20,0,0,0,0,0,0,0,128,0,0,0,0,‚l‚r –¾’©,if([D1100]==[2]){STRING(‘€ìƒ‚[ƒh•úŠü)},END,0,
LINE,363,231,0,1,65280,TMP-OP,1,466,263,255,12632256,1,0,1,1,0,0,0,END,0,,,,,,,,,,,,,,,,,,,,,,,,,,,,,,,,,
STR,434,257,0,0,65536,,5,8388608,65280,1,‰^“],Reserved1,,Reserved2,Reserved3,,-20,0,0,0,700,0,0,0,128,3,2,1,49,‚l‚r ƒSƒVƒbƒN,0,16777215,16777215,0,’PˆÊ,20,0,0,0,0,0,0,0,128,0,0,0,0,‚l‚r –¾’©,if([M906] && [M805]){STRING(’â~)},END,0,
LINE,1184,233,0,1,65280,MST-OP,1,1287,265,255,12632256,1,0,1,1,0,0,0,END,0,,,,,,,,,,,,,,,,,,,,,,,,,,,,,,,,,
STR,1255,259,0,0,65536,,5,8388608,65280,1,‰^“],Reserved1,,Reserved2,Reserved3,,-20,0,0,0,700,0,0,0,128,3,2,1,49,‚l‚r ƒSƒVƒbƒN,0,16777215,16777215,0,’PˆÊ,20,0,0,0,0,0,0,0,128,0,0,0,0,‚l‚r –¾’©,if([M907] && [M806]){STRING(’â~)},END,0,
STR,1082,301,0,0,65536,,5,16777215,16777215,1,Œ»İ’l,Reserved1,,Reserved2,Reserved3,,20,0,0,0,0,0,0,0,128,0,0,0,0,‚l‚r –¾’©,0,16777215,16777215,0,’PˆÊ,20,0,0,0,0,0,0,0,128,0,0,0,0,‚l‚r –¾’©,END,0,,
STR,1205,301,0,0,65536,,5,16777215,16777215,1,İ’è’l,Reserved1,,Reserved2,Reserved3,,20,0,0,0,0,0,0,0,128,0,0,0,0,‚l‚r –¾’©,0,16777215,16777215,0,’PˆÊ,20,0,0,0,0,0,0,0,128,0,0,0,0,‚l‚r –¾’©,END,0,,
STR,250,301,0,0,65536,,5,16777215,16777215,1,Œ»İ’l,Reserved1,,Reserved2,Reserved3,,20,0,0,0,0,0,0,0,128,0,0,0,0,‚l‚r –¾’©,0,16777215,16777215,0,’PˆÊ,20,0,0,0,0,0,0,0,128,0,0,0,0,‚l‚r –¾’©,END,0,,
STR,382,301,0,0,65536,,5,16777215,16777215,1,İ’è’l,Reserved1,,Reserved2,Reserved3,,20,0,0,0,0,0,0,0,128,0,0,0,0,‚l‚r –¾’©,0,16777215,16777215,0,’PˆÊ,20,0,0,0,0,0,0,0,128,0,0,0,0,‚l‚r –¾’©,END,0,,
STR,994,331,0,0,65536,¼“xİ’è•ÏXğŒ,4,16777215,16777215,1,¼“xİ’è,Reserved1,,Reserved2,Reserved3,,20,0,0,0,0,0,0,0,128,0,0,0,0,‚l‚r –¾’©,0,16777215,16777215,0,’PˆÊ,20,0,0,0,0,0,0,0,128,0,0,0,0,‚l‚r –¾’©,END,0,,
STR,163,331,0,0,65536,‰·“xİ’è•ÏXğŒ,4,16777215,16777215,1,‰·“xİ’è,Reserved1,,Reserved2,Reserved3,,20,0,0,0,0,0,0,0,128,0,0,0,0,‚l‚r –¾’©,0,16777215,16777215,0,’PˆÊ,20,0,0,0,0,0,0,0,128,0,0,0,0,‚l‚r –¾’©,END,0,,
LINE,315,368,0,0,65536,,5,1597,789,16777215,16777215,1,0,1,0,0,0,0,END,0,,,,,,,,,,,,,,,,,,,,,,,,,,,,,,,,,
STR,631,405,0,0,65536,ƒvƒƒOƒ‰ƒ€‰^“],4,16777215,0,1,ƒvƒƒOƒ‰ƒ€‰^“],Reserved1,,Reserved2,Reserved3,,-24,0,0,0,400,0,0,0,128,3,2,1,17,‚l‚r –¾’©,0,16777215,16777215,0,’PˆÊ,20,0,0,0,0,0,0,0,128,0,0,0,0,‚l‚r –¾’©,END,0,,
STR,1378,399,0,0,65536,,5,16777215,16777215,1,STEPŒo‰ßŠÔ,Reserved1,,Reserved2,Reserved3,,20,0,0,0,0,0,0,0,128,0,0,0,0,‚l‚r –¾’©,0,16777215,16777215,0,’PˆÊ,20,0,0,0,0,0,0,0,128,0,0,0,0,‚l‚r –¾’©,END,0,,
STR,1526,399,0,0,65536,,5,16777215,16777215,1,STEPİ’èŠÔ,Reserved1,,Reserved2,Reserved3,,20,0,0,0,0,0,0,0,128,0,0,0,0,‚l‚r –¾’©,0,16777215,16777215,0,’PˆÊ,20,0,0,0,0,0,0,0,128,0,0,0,0,‚l‚r –¾’©,END,0,,
LINE,21,133,0,0,65536,,5,1597,361,16777215,16777215,1,0,1,0,0,0,0,END,0,,,,,,,,,,,,,,,,,,,,,,,,,,,,,,,,,
STR,449,331,0,1,65536,INP-TMP,1,8388608,12632256,2,<<,Reserved1,,Reserved2,Reserved3,,-20,0,0,0,700,0,0,0,128,3,2,1,49,‚l‚r ƒSƒVƒbƒN,0,16777215,16777215,0,’PˆÊ,20,0,0,0,0,0,0,0,128,0,0,0,0,‚l‚r –¾’©,END,0,,
STR,1285,331,0,1,65536,INP-MST,1,8388608,12632256,2,<<,Reserved1,,Reserved2,Reserved3,,-20,0,0,0,700,0,0,0,128,3,2,1,49,‚l‚r ƒSƒVƒbƒN,0,16777215,16777215,0,’PˆÊ,20,0,0,0,0,0,0,0,128,0,0,0,0,‚l‚r –¾’©,END,0,,
STR,532,331,0,0,65536,D1810,2,8388608,16777215,1,-100.0,Reserved1,0.0,Reserved2,Reserved3,[D1810],-20,0,0,0,700,0,0,0,128,3,2,1,49,‚l‚r ƒSƒVƒbƒN,0,16777215,16777215,0,’PˆÊ,20,0,0,0,0,0,0,0,128,0,0,0,0,‚l‚r –¾’©,END,0,,
STR,569,331,0,0,65536,,5,16777215,16777215,1,,Reserved1,,Reserved2,Reserved3,,20,0,0,0,0,0,0,0,128,0,0,0,0,‚l‚r –¾’©,0,16777215,16777215,0,’PˆÊ,20,0,0,0,0,0,0,0,128,0,0,0,0,‚l‚r –¾’©,END,0,,
STR,1418,331,0,0,65536,,5,16777215,16777215,1,%RH,Reserved1,,Reserved2,Reserved3,,20,0,0,0,0,0,0,0,128,0,0,0,0,‚l‚r –¾’©,0,16777215,16777215,0,’PˆÊ,20,0,0,0,0,0,0,0,128,0,0,0,0,‚l‚r –¾’©,END,0,,
STR,1367,331,0,0,65536,D1811,2,8388608,16777215,1,0.0,Reserved1,0.0,Reserved2,Reserved3,[D1811],-20,0,0,0,700,0,0,0,128,3,2,1,49,‚l‚r ƒSƒVƒbƒN,0,16777215,16777215,0,’PˆÊ,20,0,0,0,0,0,0,0,128,0,0,0,0,‚l‚r –¾’©,END,0,,
LINE,335,452,0,0,65536,,5,875,786,16777215,16777215,1,0,1,0,0,0,0,END,0,,,,,,,,,,,,,,,,,,,,,,,,,,,,,,,,,
LINE,1270,403,0,0,65536,,2,1364,436,16777215,12632256,1,0,1,1,0,0,0,END,0,,,,,,,,,,,,,,,,,,,,,,,,,,,,,,,,,
STR,1338,430,0,0,65536,,5,8388608,16777215,1,:,Reserved1,00,Reserved2,Reserved3,,-20,0,0,0,400,0,0,0,128,3,2,1,17,‚l‚r –¾’©,0,16777215,16777215,0,’PˆÊ,20,0,0,0,0,0,0,0,128,0,0,0,0,‚l‚r –¾’©,END,0,,
LINE,1420,403,0,0,65536,,2,1514,436,16777215,12632256,1,0,1,1,0,0,0,END,0,,,,,,,,,,,,,,,,,,,,,,,,,,,,,,,,,
STR,1401,428,0,0,65536,,5,16777215,16777215,1,/,Reserved1,,Reserved2,Reserved3,,20,0,0,0,0,0,0,0,128,0,0,0,0,‚l‚r –¾’©,0,16777215,16777215,0,’PˆÊ,20,0,0,0,0,0,0,0,128,0,0,0,0,‚l‚r –¾’©,END,0,,
STR,1533,527,0,0,65536,,5,8388608,65280,1,‰^“],Reserved1,,Reserved2,Reserved3,,-20,0,0,0,700,0,0,0,128,3,2,1,49,‚l‚r ƒSƒVƒbƒN,0,16777215,16777215,0,’PˆÊ,20,0,0,0,0,0,0,0,128,0,0,0,0,‚l‚r –¾’©,if([D1114] == [1]){STRING(’â~)},END,0,
LINE,1471,557,35,0,65536,PRG-RST,1,1556,588,255,12632256,1,0,1,1,0,0,0,END,0,,,,,,,,,,,,,,,,,,,,,,,,,,,,,,,,,
STR,1553,582,35,0,65536,,5,8388608,65280,1,ˆê’â~,Reserved1,,Reserved2,Reserved3,,-20,0,0,0,700,0,0,0,128,3,2,1,49,‚l‚r ƒSƒVƒbƒN,0,16777215,16777215,0,’PˆÊ,20,0,0,0,0,0,0,0,128,0,0,0,0,‚l‚r –¾’©,if([D1114] != [2] && [D1114] != [3]){SHOW()},END,0,
LINE,1469,613,31,0,65536,,5,1556,645,16777215,12632256,1,0,1,1,0,0,0,if([D1114] == [0]){SHOW()},END,0,,,,,,,,,,,,,,,,,,,,,,,,,,,,,,,,
STR,1542,639,31,0,65536,,5,8388608,65280,1,’â~’†,Reserved1,,Reserved2,Reserved3,,-20,0,0,0,400,0,0,0,128,3,2,1,17,‚l‚r –¾’©,0,16777215,16777215,0,’PˆÊ,20,0,0,0,0,0,0,0,128,0,0,0,0,‚l‚r –¾’©,if([D1114] == [0]){SHOW()},END,0,
STR,389,478,0,0,65536,,5,16777215,0,1,STEP,Reserved1,,Reserved2,Reserved3,,-24,0,0,0,400,0,0,0,128,3,2,1,17,‚l‚r –¾’©,0,16777215,16777215,0,’PˆÊ,20,0,0,0,0,0,0,0,128,0,0,0,0,‚l‚r –¾’©,END,0,,
STR,497,478,0,0,65536,,5,16777215,0,1,‰·“x,Reserved1,,Reserved2,Reserved3,,-24,0,0,0,400,0,0,0,128,3,2,1,17,‚l‚r –¾’©,0,16777215,16777215,0,’PˆÊ,20,0,0,0,0,0,0,0,128,0,0,0,0,‚l‚r –¾’©,END,0,,
STR,610,478,0,0,65536,,5,16777215,0,1,¼“x%RH,Reserved1,,Reserved2,Reserved3,,-24,0,0,0,400,0,0,0,128,3,2,1,17,‚l‚r –¾’©,0,16777215,16777215,0,’PˆÊ,20,0,0,0,0,0,0,0,128,0,0,0,0,‚l‚r –¾’©,END,0,,
STR,791,478,0,0,65536,,5,16777215,0,1,’PˆÊ,Reserved1,,Reserved2,Reserved3,,-24,0,0,0,400,0,0,0,128,3,2,1,17,‚l‚r –¾’©,0,16777215,16777215,0,’PˆÊ,20,0,0,0,0,0,0,0,128,0,0,0,0,‚l‚r –¾’©,END,0,,
STR,728,478,0,0,65536,,5,16777215,0,1,XVŠÔ,Reserved1,,Reserved2,Reserved3,,-24,0,0,0,400,0,0,0,128,3,2,1,17,‚l‚r –¾’©,0,16777215,16777215,0,’PˆÊ,20,0,0,0,0,0,0,0,128,0,0,0,0,‚l‚r –¾’©,END,0,,
LINE,335,483,0,0,65536,,5,873,483,16777215,16777215,1,0,0,0,0,0,0,END,0,,,,,,,,,,,,,,,,,,,,,,,,,,,,,,,,,
LINE,336,513,0,0,65536,,5,875,513,16777215,16777215,1,0,0,0,0,0,0,END,0,,,,,,,,,,,,,,,,,,,,,,,,,,,,,,,,,
LINE,335,543,0,0,65536,,5,873,543,16777215,16777215,1,0,0,0,0,0,0,END,0,,,,,,,,,,,,,,,,,,,,,,,,,,,,,,,,,
LINE,335,573,0,0,65536,,5,872,573,16777215,16777215,1,0,0,0,0,0,0,END,0,,,,,,,,,,,,,,,,,,,,,,,,,,,,,,,,,
LINE,405,454,0,0,65536,,5,405,785,16777215,16777215,1,0,0,0,0,0,0,END,0,,,,,,,,,,,,,,,,,,,,,,,,,,,,,,,,,
STR,389,510,0,0,65280,,5,16777215,0,1,1,Reserved1,,Reserved2,Reserved3,,-24,0,0,0,400,0,0,0,128,3,2,1,17,‚l‚r –¾’©,0,16777215,16777215,0,’PˆÊ,20,0,0,0,0,0,0,0,128,0,0,0,0,‚l‚r –¾’©,if([D1062] == [1]){COLORCHANGE()},END,0,
STR,389,541,0,0,65280,,5,16777215,0,1,2,Reserved1,,Reserved2,Reserved3,,-24,0,0,0,400,0,0,0,128,3,2,1,17,‚l‚r –¾’©,0,16777215,16777215,0,’PˆÊ,20,0,0,0,0,0,0,0,128,0,0,0,0,‚l‚r –¾’©,if([D1062] == [2]){COLORCHANGE()},END,0,
STR,389,570,0,0,65280,,5,16777215,0,1,3,Reserved1,,Reserved2,Reserved3,,-24,0,0,0,400,0,0,0,128,3,2,1,17,‚l‚r –¾’©,0,16777215,16777215,0,’PˆÊ,20,0,0,0,0,0,0,0,128,0,0,0,0,‚l‚r –¾’©,if([D1062] == [3]){COLORCHANGE()},END,0,
STR,389,599,0,0,65280,,5,16777215,0,1,4,Reserved1,,Reserved2,Reserved3,,-24,0,0,0,400,0,0,0,128,3,2,1,17,‚l‚r –¾’©,0,16777215,16777215,0,’PˆÊ,20,0,0,0,0,0,0,0,128,0,0,0,0,‚l‚r –¾’©,if([D1062] == [4]){COLORCHANGE()},END,0,
STR,389,630,0,0,65280,,5,16777215,0,1,5,Reserved1,,Reserved2,Reserved3,,-24,0,0,0,400,0,0,0,128,3,2,1,17,‚l‚r –¾’©,0,16777215,16777215,0,’PˆÊ,20,0,0,0,0,0,0,0,128,0,0,0,0,‚l‚r –¾’©,if([D1062] == [5]){COLORCHANGE()},END,0,
STR,389,659,0,0,65280,,5,16777215,0,1,6,Reserved1,,Reserved2,Reserved3,,-24,0,0,0,400,0,0,0,128,3,2,1,17,‚l‚r –¾’©,0,16777215,16777215,0,’PˆÊ,20,0,0,0,0,0,0,0,128,0,0,0,0,‚l‚r –¾’©,if([D1062] == [6]){COLORCHANGE()},END,0,
STR,389,690,0,0,65280,,5,16777215,0,1,7,Reserved1,,Reserved2,Reserved3,,-24,0,0,0,400,0,0,0,128,3,2,1,17,‚l‚r –¾’©,0,16777215,16777215,0,’PˆÊ,20,0,0,0,0,0,0,0,128,0,0,0,0,‚l‚r –¾’©,if([D1062] == [7]){COLORCHANGE()},END,0,
STR,389,720,0,0,65280,,5,16777215,0,1,8,Reserved1,,Reserved2,Reserved3,,-24,0,0,0,400,0,0,0,128,3,2,1,17,‚l‚r –¾’©,0,16777215,16777215,0,’PˆÊ,20,0,0,0,0,0,0,0,128,0,0,0,0,‚l‚r –¾’©,if([D1062] == [8]){COLORCHANGE()},END,0,
STR,389,751,0,0,65280,,5,16777215,0,1,9,Reserved1,,Reserved2,Reserved3,,-24,0,0,0,400,0,0,0,128,3,2,1,17,‚l‚r –¾’©,0,16777215,16777215,0,’PˆÊ,20,0,0,0,0,0,0,0,128,0,0,0,0,‚l‚r –¾’©,if([D1062] == [9]){COLORCHANGE()},END,0,
STR,389,781,0,0,65280,,5,16777215,0,1,10,Reserved1,,Reserved2,Reserved3,,-24,0,0,0,400,0,0,0,128,3,2,1,17,‚l‚r –¾’©,0,16777215,16777215,0,’PˆÊ,20,0,0,0,0,0,0,0,128,0,0,0,0,‚l‚r –¾’©,if([D1062] == [10]){COLORCHANGE()},END,0,
LINE,510,454,0,0,65536,,5,510,785,16777215,16777215,1,0,0,0,0,0,0,END,0,,,,,,,,,,,,,,,,,,,,,,,,,,,,,,,,,
LINE,620,454,0,0,65536,,5,620,785,16777215,16777215,1,0,0,0,0,0,0,END,0,,,,,,,,,,,,,,,,,,,,,,,,,,,,,,,,,
LINE,736,452,0,0,65536,,5,736,783,16777215,16777215,1,0,0,0,0,0,0,END,0,,,,,,,,,,,,,,,,,,,,,,,,,,,,,,,,,
STR,614,510,0,0,65536,,5,16777215,0,1,İ’è•s‰Â,Reserved1,,Reserved2,Reserved3,,-24,0,0,0,400,0,0,0,128,3,2,1,17,‚l‚r –¾’©,0,16777215,16777215,0,’PˆÊ,20,0,0,0,0,0,0,0,128,0,0,0,0,‚l‚r –¾’©,END,0,,
STR,837,193,0,0,65536,,5,16777215,65280,1,‘O@@º,Reserved1,,Reserved2,Reserved3,,20,0,0,0,0,0,0,0,128,0,0,0,0,‚l‚r –¾’©,0,16777215,16777215,0,’PˆÊ,20,0,0,0,0,0,0,0,128,0,0,0,0,‚l‚r –¾’©,if([M802]){SHOW()},END,0,
STR,837,194,0,0,65536,,5,16777215,65280,1,Ë°ÄÊŞ×İ½,Reserved1,,Reserved2,Reserved3,,20,0,0,0,0,0,0,0,128,0,0,0,0,‚l‚r –¾’©,0,16777215,16777215,0,’PˆÊ,20,0,0,0,0,0,0,0,128,0,0,0,0,‚l‚r –¾’©,if([M801]){SHOW()},END,0,
LINE,473,231,0,1,65280,,5,576,263,16777215,0,1,0,1,1,0,0,0,END,0,,,,,,,,,,,,,,,,,,,,,,,,,,,,,,,,,
LINE,1294,233,0,1,65280,,5,1397,265,16777215,0,1,0,1,1,0,0,0,END,0,,,,,,,,,,,,,,,,,,,,,,,,,,,,,,,,,
STR,554,257,0,0,65536,,5,16777215,16777215,1,§Œä’†,Reserved1,,Reserved2,Reserved3,,20,0,0,0,0,0,0,0,128,0,0,0,0,‚l‚r –¾’©,0,16777215,16777215,0,’PˆÊ,20,0,0,0,0,0,0,0,128,0,0,0,0,‚l‚r –¾’©,if([M906] || [M902]){SHOW()},if([M902]){STRING(“’B)},END,0
STR,1375,259,0,0,65536,,5,16777215,16777215,1,§Œä’†,Reserved1,,Reserved2,Reserved3,,20,0,0,0,0,0,0,0,128,0,0,0,0,‚l‚r –¾’©,0,16777215,16777215,0,’PˆÊ,20,0,0,0,0,0,0,0,128,0,0,0,0,‚l‚r –¾’©,if([M907] || [M903]){SHOW()},if([M903]){STRING(“’B)},END,0
STR,266,331,0,0,65536,,5,16777215,16777215,1,-100.0,Reserved1,0.0,Reserved2,Reserved3,[D-TMP-PV],20,0,0,0,0,0,0,0,128,0,0,0,0,‚l‚r –¾’©,1,16777215,0,0,,20,0,0,0,0,0,0,0,128,0,0,0,0,‚l‚r –¾’©,END,0,,
STR,1112,331,0,0,65536,,5,16777215,16777215,1,0.0,Reserved1,0.0,Reserved2,Reserved3,[D-MST-PV],-20,0,0,0,400,0,0,0,128,3,2,1,17,‚l‚r –¾’©,1,16777215,0,0,%RH,-20,0,0,0,400,0,0,0,128,3,2,1,17,‚l‚r –¾’©,END,0,,
STR,1236,331,0,0,65536,,5,16777215,16777215,1,0.0,Reserved1,0.0,Reserved2,Reserved3,[D-MST-SV],-20,0,0,0,400,0,0,0,128,3,2,1,17,‚l‚r –¾’©,1,16777215,0,0,%RH,-20,0,0,0,400,0,0,0,128,3,2,1,17,‚l‚r –¾’©,END,0,,
STR,404,331,0,0,65536,,5,16777215,16777215,1,-100.0,Reserved1,0.0,Reserved2,Reserved3,[D-TMP-SV],20,0,0,0,0,0,0,0,128,0,0,0,0,‚l‚r –¾’©,1,16777215,0,0,,20,0,0,0,0,0,0,0,128,0,0,0,0,‚l‚r –¾’©,END,0,,
STR,496,510,0,0,65536,,5,16777215,16777215,1,-100.0,Reserved1,0.0,Reserved2,Reserved3,[D1501],20,0,0,0,0,0,0,0,128,0,0,0,0,‚l‚r –¾’©,1,16777215,0,0,,20,0,0,0,0,0,0,0,128,0,0,0,0,‚l‚r –¾’©,END,0,,
STR,496,541,0,0,65536,,5,16777215,16777215,1,-100.0,Reserved1,0.0,Reserved2,Reserved3,[D1502],20,0,0,0,0,0,0,0,128,0,0,0,0,‚l‚r –¾’©,1,16777215,0,0,,20,0,0,0,0,0,0,0,128,0,0,0,0,‚l‚r –¾’©,END,0,,
STR,496,571,0,0,65536,,5,16777215,16777215,1,-100.0,Reserved1,0.0,Reserved2,Reserved3,[D1503],20,0,0,0,0,0,0,0,128,0,0,0,0,‚l‚r –¾’©,1,16777215,0,0,,20,0,0,0,0,0,0,0,128,0,0,0,0,‚l‚r –¾’©,END,0,,
STR,496,601,0,0,65536,,5,16777215,16777215,1,-100.0,Reserved1,0.0,Reserved2,Reserved3,[D1504],20,0,0,0,0,0,0,0,128,0,0,0,0,‚l‚r –¾’©,1,16777215,0,0,,20,0,0,0,0,0,0,0,128,0,0,0,0,‚l‚r –¾’©,END,0,,
STR,496,629,0,0,65536,,5,16777215,16777215,1,-100.0,Reserved1,0.0,Reserved2,Reserved3,[D1505],20,0,0,0,0,0,0,0,128,0,0,0,0,‚l‚r –¾’©,1,16777215,0,0,,20,0,0,0,0,0,0,0,128,0,0,0,0,‚l‚r –¾’©,END,0,,
STR,496,660,0,0,65536,,5,16777215,16777215,1,-100.0,Reserved1,0.0,Reserved2,Reserved3,[D1506],20,0,0,0,0,0,0,0,128,0,0,0,0,‚l‚r –¾’©,1,16777215,0,0,,20,0,0,0,0,0,0,0,128,0,0,0,0,‚l‚r –¾’©,END,0,,
STR,496,690,0,0,65536,,5,16777215,16777215,1,-100.0,Reserved1,0.0,Reserved2,Reserved3,[D1507],20,0,0,0,0,0,0,0,128,0,0,0,0,‚l‚r –¾’©,1,16777215,0,0,,20,0,0,0,0,0,0,0,128,0,0,0,0,‚l‚r –¾’©,END,0,,
STR,496,721,0,0,65536,,5,16777215,16777215,1,-100.0,Reserved1,0.0,Reserved2,Reserved3,[D1508],20,0,0,0,0,0,0,0,128,0,0,0,0,‚l‚r –¾’©,1,16777215,0,0,,20,0,0,0,0,0,0,0,128,0,0,0,0,‚l‚r –¾’©,END,0,,
STR,496,751,0,0,65536,,5,16777215,16777215,1,-100.0,Reserved1,0.0,Reserved2,Reserved3,[D1509],20,0,0,0,0,0,0,0,128,0,0,0,0,‚l‚r –¾’©,1,16777215,0,0,,20,0,0,0,0,0,0,0,128,0,0,0,0,‚l‚r –¾’©,END,0,,
STR,496,782,0,0,65536,,5,16777215,16777215,1,-100.0,Reserved1,0.0,Reserved2,Reserved3,[D1510],20,0,0,0,0,0,0,0,128,0,0,0,0,‚l‚r –¾’©,1,16777215,0,0,,20,0,0,0,0,0,0,0,128,0,0,0,0,‚l‚r –¾’©,END,0,,
STR,613,540,0,0,65536,,5,16777215,16777215,1,0.0,Reserved1,0.0,Reserved2,Reserved3,[D1552],-20,0,0,0,400,0,0,0,128,3,2,1,17,‚l‚r –¾’©,1,16777215,0,0,%RH,-20,0,0,0,400,0,0,0,128,3,2,1,17,‚l‚r –¾’©,END,0,,
STR,613,570,0,0,65536,,5,16777215,16777215,1,0.0,Reserved1,0.0,Reserved2,Reserved3,[D1553],-20,0,0,0,400,0,0,0,128,3,2,1,17,‚l‚r –¾’©,1,16777215,0,0,%RH,-20,0,0,0,400,0,0,0,128,3,2,1,17,‚l‚r –¾’©,END,0,,
STR,613,599,0,0,65536,,5,16777215,16777215,1,0.0,Reserved1,0.0,Reserved2,Reserved3,[D1554],-20,0,0,0,400,0,0,0,128,3,2,1,17,‚l‚r –¾’©,1,16777215,0,0,%RH,-20,0,0,0,400,0,0,0,128,3,2,1,17,‚l‚r –¾’©,END,0,,
STR,613,630,0,0,65536,,5,16777215,16777215,1,0.0,Reserved1,0.0,Reserved2,Reserved3,[D1555],-20,0,0,0,400,0,0,0,128,3,2,1,17,‚l‚r –¾’©,1,16777215,0,0,%RH,-20,0,0,0,400,0,0,0,128,3,2,1,17,‚l‚r –¾’©,END,0,,
STR,613,660,0,0,65536,,5,16777215,16777215,1,0.0,Reserved1,0.0,Reserved2,Reserved3,[D1556],-20,0,0,0,400,0,0,0,128,3,2,1,17,‚l‚r –¾’©,1,16777215,0,0,%RH,-20,0,0,0,400,0,0,0,128,3,2,1,17,‚l‚r –¾’©,END,0,,
STR,613,691,0,0,65536,,5,16777215,16777215,1,0.0,Reserved1,0.0,Reserved2,Reserved3,[D1557],-20,0,0,0,400,0,0,0,128,3,2,1,17,‚l‚r –¾’©,1,16777215,0,0,%RH,-20,0,0,0,400,0,0,0,128,3,2,1,17,‚l‚r –¾’©,END,0,,
STR,613,721,0,0,65536,,5,16777215,16777215,1,0.0,Reserved1,0.0,Reserved2,Reserved3,[D1558],-20,0,0,0,400,0,0,0,128,3,2,1,17,‚l‚r –¾’©,1,16777215,0,0,%RH,-20,0,0,0,400,0,0,0,128,3,2,1,17,‚l‚r –¾’©,END,0,,
STR,613,751,0,0,65536,,5,16777215,16777215,1,0.0,Reserved1,0.0,Reserved2,Reserved3,[D1559],-20,0,0,0,400,0,0,0,128,3,2,1,17,‚l‚r –¾’©,1,16777215,0,0,%RH,-20,0,0,0,400,0,0,0,128,3,2,1,17,‚l‚r –¾’©,END,0,,
STR,613,782,0,0,65536,,5,16777215,16777215,1,0.0,Reserved1,0.0,Reserved2,Reserved3,[D1560],-20,0,0,0,400,0,0,0,128,3,2,1,17,‚l‚r –¾’©,1,16777215,0,0,%RH,-20,0,0,0,400,0,0,0,128,3,2,1,17,‚l‚r –¾’©,END,0,,
STR,790,510,0,0,65536,,5,16777215,16777215,1,•ª,Reserved1,,Reserved2,Reserved3,,20,0,0,0,0,0,0,0,128,0,0,0,0,‚l‚r –¾’©,0,16777215,16777215,0,’PˆÊ,20,0,0,0,0,0,0,0,128,0,0,0,0,‚l‚r –¾’©,if([M1551]){SHOW()},END,0,
STR,789,781,0,0,65536,,5,16777215,16777215,1,•b,Reserved1,,Reserved2,Reserved3,,20,0,0,0,0,0,0,0,128,0,0,0,0,‚l‚r –¾’©,0,16777215,16777215,0,’PˆÊ,20,0,0,0,0,0,0,0,128,0,0,0,0,‚l‚r –¾’©,if([M1510]){SHOW()},END,0,
STR,790,539,0,0,65536,,5,16777215,16777215,1,ŠÔ,Reserved1,,Reserved2,Reserved3,,20,0,0,0,0,0,0,0,128,0,0,0,0,‚l‚r –¾’©,0,16777215,16777215,0,’PˆÊ,20,0,0,0,0,0,0,0,128,0,0,0,0,‚l‚r –¾’©,if([M1602]){SHOW()},END,0,
STR,791,539,0,0,65536,,5,16777215,16777215,1,•ª,Reserved1,,Reserved2,Reserved3,,20,0,0,0,0,0,0,0,128,0,0,0,0,‚l‚r –¾’©,0,16777215,16777215,0,’PˆÊ,20,0,0,0,0,0,0,0,128,0,0,0,0,‚l‚r –¾’©,if([M1552]){SHOW()},END,0,
STR,790,539,0,0,65536,,5,16777215,16777215,1,•b,Reserved1,,Reserved2,Reserved3,,20,0,0,0,0,0,0,0,128,0,0,0,0,‚l‚r –¾’©,0,16777215,16777215,0,’PˆÊ,20,0,0,0,0,0,0,0,128,0,0,0,0,‚l‚r –¾’©,if([M1502]){SHOW()},END,0,
STR,790,569,0,0,65536,,5,16777215,16777215,1,ŠÔ,Reserved1,,Reserved2,Reserved3,,20,0,0,0,0,0,0,0,128,0,0,0,0,‚l‚r –¾’©,0,16777215,16777215,0,’PˆÊ,20,0,0,0,0,0,0,0,128,0,0,0,0,‚l‚r –¾’©,if([M1603]){SHOW()},END,0,
STR,790,569,0,0,65536,,5,16777215,16777215,1,•ª,Reserved1,,Reserved2,Reserved3,,20,0,0,0,0,0,0,0,128,0,0,0,0,‚l‚r –¾’©,0,16777215,16777215,0,’PˆÊ,20,0,0,0,0,0,0,0,128,0,0,0,0,‚l‚r –¾’©,if([M1553]){SHOW()},END,0,
STR,790,569,0,0,65536,,5,16777215,16777215,1,•b,Reserved1,,Reserved2,Reserved3,,20,0,0,0,0,0,0,0,128,0,0,0,0,‚l‚r –¾’©,0,16777215,16777215,0,’PˆÊ,20,0,0,0,0,0,0,0,128,0,0,0,0,‚l‚r –¾’©,if([M1503]){SHOW()},END,0,
STR,790,599,0,0,65536,,5,16777215,16777215,1,ŠÔ,Reserved1,,Reserved2,Reserved3,,20,0,0,0,0,0,0,0,128,0,0,0,0,‚l‚r –¾’©,0,16777215,16777215,0,’PˆÊ,20,0,0,0,0,0,0,0,128,0,0,0,0,‚l‚r –¾’©,if([M1604]){SHOW()},END,0,
STR,790,599,0,0,65536,,5,16777215,16777215,1,•ª,Reserved1,,Reserved2,Reserved3,,20,0,0,0,0,0,0,0,128,0,0,0,0,‚l‚r –¾’©,0,16777215,16777215,0,’PˆÊ,20,0,0,0,0,0,0,0,128,0,0,0,0,‚l‚r –¾’©,if([M1554]){SHOW()},END,0,
STR,790,599,0,0,65536,,5,16777215,16777215,1,•b,Reserved1,,Reserved2,Reserved3,,20,0,0,0,0,0,0,0,128,0,0,0,0,‚l‚r –¾’©,0,16777215,16777215,0,’PˆÊ,20,0,0,0,0,0,0,0,128,0,0,0,0,‚l‚r –¾’©,if([M1504]){SHOW()},END,0,
STR,789,630,0,0,65536,,5,16777215,16777215,1,ŠÔ,Reserved1,,Reserved2,Reserved3,,20,0,0,0,0,0,0,0,128,0,0,0,0,‚l‚r –¾’©,0,16777215,16777215,0,’PˆÊ,20,0,0,0,0,0,0,0,128,0,0,0,0,‚l‚r –¾’©,if([M1605]){SHOW()},END,0,
STR,789,630,0,0,65536,,5,16777215,16777215,1,•ª,Reserved1,,Reserved2,Reserved3,,20,0,0,0,0,0,0,0,128,0,0,0,0,‚l‚r –¾’©,0,16777215,16777215,0,’PˆÊ,20,0,0,0,0,0,0,0,128,0,0,0,0,‚l‚r –¾’©,if([M1555]){SHOW()},END,0,
STR,789,630,0,0,65536,,5,16777215,16777215,1,•b,Reserved1,,Reserved2,Reserved3,,20,0,0,0,0,0,0,0,128,0,0,0,0,‚l‚r –¾’©,0,16777215,16777215,0,’PˆÊ,20,0,0,0,0,0,0,0,128,0,0,0,0,‚l‚r –¾’©,if([M1505]){SHOW()},END,0,
STR,790,659,0,0,65536,,5,16777215,16777215,1,ŠÔ,Reserved1,,Reserved2,Reserved3,,20,0,0,0,0,0,0,0,128,0,0,0,0,‚l‚r –¾’©,0,16777215,16777215,0,’PˆÊ,20,0,0,0,0,0,0,0,128,0,0,0,0,‚l‚r –¾’©,if([M1606]){SHOW()},END,0,
STR,789,659,0,0,65536,,5,16777215,16777215,1,•ª,Reserved1,,Reserved2,Reserved3,,20,0,0,0,0,0,0,0,128,0,0,0,0,‚l‚r –¾’©,0,16777215,16777215,0,’PˆÊ,20,0,0,0,0,0,0,0,128,0,0,0,0,‚l‚r –¾’©,if([M1556]){SHOW()},END,0,
STR,789,659,0,0,65536,,5,16777215,16777215,1,•b,Reserved1,,Reserved2,Reserved3,,20,0,0,0,0,0,0,0,128,0,0,0,0,‚l‚r –¾’©,0,16777215,16777215,0,’PˆÊ,20,0,0,0,0,0,0,0,128,0,0,0,0,‚l‚r –¾’©,if([M1506]){SHOW()},END,0,
STR,789,690,0,0,65536,,5,16777215,16777215,1,ŠÔ,Reserved1,,Reserved2,Reserved3,,20,0,0,0,0,0,0,0,128,0,0,0,0,‚l‚r –¾’©,0,16777215,16777215,0,’PˆÊ,20,0,0,0,0,0,0,0,128,0,0,0,0,‚l‚r –¾’©,if([M1607]){SHOW()},END,0,
STR,789,690,0,0,65536,,5,16777215,16777215,1,•ª,Reserved1,,Reserved2,Reserved3,,20,0,0,0,0,0,0,0,128,0,0,0,0,‚l‚r –¾’©,0,16777215,16777215,0,’PˆÊ,20,0,0,0,0,0,0,0,128,0,0,0,0,‚l‚r –¾’©,if([M1557]){SHOW()},END,0,
STR,789,690,0,0,65536,,5,16777215,16777215,1,•b,Reserved1,,Reserved2,Reserved3,,20,0,0,0,0,0,0,0,128,0,0,0,0,‚l‚r –¾’©,0,16777215,16777215,0,’PˆÊ,20,0,0,0,0,0,0,0,128,0,0,0,0,‚l‚r –¾’©,if([M1507]){SHOW()},END,0,
STR,789,721,0,0,65536,,5,16777215,16777215,1,ŠÔ,Reserved1,,Reserved2,Reserved3,,20,0,0,0,0,0,0,0,128,0,0,0,0,‚l‚r –¾’©,0,16777215,16777215,0,’PˆÊ,20,0,0,0,0,0,0,0,128,0,0,0,0,‚l‚r –¾’©,if([M1608]){SHOW()},END,0,
STR,789,721,0,0,65536,,5,16777215,16777215,1,•ª,Reserved1,,Reserved2,Reserved3,,20,0,0,0,0,0,0,0,128,0,0,0,0,‚l‚r –¾’©,0,16777215,16777215,0,’PˆÊ,20,0,0,0,0,0,0,0,128,0,0,0,0,‚l‚r –¾’©,if([M1558]){SHOW()},END,0,
STR,789,721,0,0,65536,,5,16777215,16777215,1,•b,Reserved1,,Reserved2,Reserved3,,20,0,0,0,0,0,0,0,128,0,0,0,0,‚l‚r –¾’©,0,16777215,16777215,0,’PˆÊ,20,0,0,0,0,0,0,0,128,0,0,0,0,‚l‚r –¾’©,if([M1508]){SHOW()},END,0,
STR,789,750,0,0,65536,,5,16777215,16777215,1,ŠÔ,Reserved1,,Reserved2,Reserved3,,20,0,0,0,0,0,0,0,128,0,0,0,0,‚l‚r –¾’©,0,16777215,16777215,0,’PˆÊ,20,0,0,0,0,0,0,0,128,0,0,0,0,‚l‚r –¾’©,if([M1609]){SHOW()},END,0,
STR,789,750,0,0,65536,,5,16777215,16777215,1,•ª,Reserved1,,Reserved2,Reserved3,,20,0,0,0,0,0,0,0,128,0,0,0,0,‚l‚r –¾’©,0,16777215,16777215,0,’PˆÊ,20,0,0,0,0,0,0,0,128,0,0,0,0,‚l‚r –¾’©,if([M1559]){SHOW()},END,0,
STR,789,750,0,0,65536,,5,16777215,16777215,1,•b,Reserved1,,Reserved2,Reserved3,,20,0,0,0,0,0,0,0,128,0,0,0,0,‚l‚r –¾’©,0,16777215,16777215,0,’PˆÊ,20,0,0,0,0,0,0,0,128,0,0,0,0,‚l‚r –¾’©,if([M1509]){SHOW()},END,0,
STR,790,510,0,0,65536,,5,16777215,16777215,1,•b,Reserved1,,Reserved2,Reserved3,,20,0,0,0,0,0,0,0,128,0,0,0,0,‚l‚r –¾’©,0,16777215,16777215,0,’PˆÊ,20,0,0,0,0,0,0,0,128,0,0,0,0,‚l‚r –¾’©,if([M1501]){SHOW()},END,0,
STR,726,510,0,0,65536,,5,16777215,16777215,1,0,Reserved1,0,Reserved2,Reserved3,[D1601],20,0,0,0,0,0,0,0,128,0,0,0,0,‚l‚r –¾’©,0,16777215,0,0,,20,0,0,0,0,0,0,0,128,0,0,0,0,‚l‚r –¾’©,if([D1651] <= [0]){SHOW()},END,0,
STR,726,541,0,0,65536,,5,16777215,16777215,1,0,Reserved1,0,Reserved2,Reserved3,[D1602],20,0,0,0,0,0,0,0,128,0,0,0,0,‚l‚r –¾’©,0,16777215,0,0,,20,0,0,0,0,0,0,0,128,0,0,0,0,‚l‚r –¾’©,if([D1702] <= [9999]){SHOW()},END,0,
STR,726,571,0,0,65536,,5,16777215,16777215,1,0,Reserved1,0,Reserved2,Reserved3,[D1603],20,0,0,0,0,0,0,0,128,0,0,0,0,‚l‚r –¾’©,0,16777215,0,0,,20,0,0,0,0,0,0,0,128,0,0,0,0,‚l‚r –¾’©,if([D1703] <= [9999]){SHOW()},END,0,
STR,727,602,0,0,65536,,5,16777215,16777215,1,0,Reserved1,0,Reserved2,Reserved3,[D1604],20,0,0,0,0,0,0,0,128,0,0,0,0,‚l‚r –¾’©,0,16777215,0,0,,20,0,0,0,0,0,0,0,128,0,0,0,0,‚l‚r –¾’©,if([D1704] <= [9999]){SHOW()},END,0,
STR,726,632,0,0,65536,,5,16777215,16777215,1,0,Reserved1,0,Reserved2,Reserved3,[D1605],20,0,0,0,0,0,0,0,128,0,0,0,0,‚l‚r –¾’©,0,16777215,0,0,,20,0,0,0,0,0,0,0,128,0,0,0,0,‚l‚r –¾’©,if([D1705] <= [9999]){SHOW()},END,0,
STR,726,663,0,0,65536,,5,16777215,16777215,1,0,Reserved1,0,Reserved2,Reserved3,[D1606],20,0,0,0,0,0,0,0,128,0,0,0,0,‚l‚r –¾’©,0,16777215,0,0,,20,0,0,0,0,0,0,0,128,0,0,0,0,‚l‚r –¾’©,if([D1706] <= [9999]){SHOW()},END,0,
STR,726,693,0,0,65536,,5,16777215,16777215,1,0,Reserved1,0,Reserved2,Reserved3,[D1607],20,0,0,0,0,0,0,0,128,0,0,0,0,‚l‚r –¾’©,0,16777215,0,0,,20,0,0,0,0,0,0,0,128,0,0,0,0,‚l‚r –¾’©,if([D1707] <= [9999]){SHOW()},END,0,
STR,726,724,0,0,65536,,5,16777215,16777215,1,0,Reserved1,0,Reserved2,Reserved3,[D1608],20,0,0,0,0,0,0,0,128,0,0,0,0,‚l‚r –¾’©,0,16777215,0,0,,20,0,0,0,0,0,0,0,128,0,0,0,0,‚l‚r –¾’©,if([D1708] <= [9999]){SHOW()},END,0,
STR,726,752,0,0,65536,,5,16777215,16777215,1,0,Reserved1,0,Reserved2,Reserved3,[D1609],20,0,0,0,0,0,0,0,128,0,0,0,0,‚l‚r –¾’©,0,16777215,0,0,,20,0,0,0,0,0,0,0,128,0,0,0,0,‚l‚r –¾’©,if([D1709] <= [9999]){SHOW()},END,0,
STR,726,783,0,0,65536,,5,16777215,16777215,1,0,Reserved1,0,Reserved2,Reserved3,[D1610],20,0,0,0,0,0,0,0,128,0,0,0,0,‚l‚r –¾’©,0,16777215,0,0,,20,0,0,0,0,0,0,0,128,0,0,0,0,‚l‚r –¾’©,if([D1710] <= [9999]){SHOW()},END,0,
LINE,881,451,0,0,65536,,5,1421,786,16777215,16777215,1,0,1,0,0,0,0,END,0,,,,,,,,,,,,,,,,,,,,,,,,,,,,,,,,,
STR,938,478,0,0,65536,,5,16777215,0,1,STEP,Reserved1,,Reserved2,Reserved3,,-24,0,0,0,400,0,0,0,128,3,2,1,17,‚l‚r –¾’©,0,16777215,16777215,0,’PˆÊ,20,0,0,0,0,0,0,0,128,0,0,0,0,‚l‚r –¾’©,END,0,,
STR,1046,478,0,0,65536,,5,16777215,0,1,‰·“x,Reserved1,,Reserved2,Reserved3,,-24,0,0,0,400,0,0,0,128,3,2,1,17,‚l‚r –¾’©,0,16777215,16777215,0,’PˆÊ,20,0,0,0,0,0,0,0,128,0,0,0,0,‚l‚r –¾’©,END,0,,
STR,1159,478,0,0,65536,,5,16777215,0,1,¼“x%RH,Reserved1,,Reserved2,Reserved3,,-24,0,0,0,400,0,0,0,128,3,2,1,17,‚l‚r –¾’©,0,16777215,16777215,0,’PˆÊ,20,0,0,0,0,0,0,0,128,0,0,0,0,‚l‚r –¾’©,END,0,,
STR,1340,478,0,0,65536,,5,16777215,0,1,’PˆÊ,Reserved1,,Reserved2,Reserved3,,-24,0,0,0,400,0,0,0,128,3,2,1,17,‚l‚r –¾’©,0,16777215,16777215,0,’PˆÊ,20,0,0,0,0,0,0,0,128,0,0,0,0,‚l‚r –¾’©,END,0,,
STR,1277,478,0,0,65536,,5,16777215,0,1,XVŠÔ,Reserved1,,Reserved2,Reserved3,,-24,0,0,0,400,0,0,0,128,3,2,1,17,‚l‚r –¾’©,0,16777215,16777215,0,’PˆÊ,20,0,0,0,0,0,0,0,128,0,0,0,0,‚l‚r –¾’©,END,0,,
LINE,954,454,0,0,65536,,5,954,785,16777215,16777215,1,0,0,0,0,0,0,END,0,,,,,,,,,,,,,,,,,,,,,,,,,,,,,,,,,
STR,938,510,0,0,65280,,5,16777215,0,1,11,Reserved1,,Reserved2,Reserved3,,-24,0,0,0,400,0,0,0,128,3,2,1,17,‚l‚r –¾’©,0,16777215,16777215,0,’PˆÊ,20,0,0,0,0,0,0,0,128,0,0,0,0,‚l‚r –¾’©,if([D1062] == [11]){COLORCHANGE()},END,0,
STR,938,541,0,0,65280,,5,16777215,0,1,12,Reserved1,,Reserved2,Reserved3,,-24,0,0,0,400,0,0,0,128,3,2,1,17,‚l‚r –¾’©,0,16777215,16777215,0,’PˆÊ,20,0,0,0,0,0,0,0,128,0,0,0,0,‚l‚r –¾’©,if([D1062] == [12]){COLORCHANGE()},END,0,
STR,938,570,0,0,65280,,5,16777215,0,1,13,Reserved1,,Reserved2,Reserved3,,-24,0,0,0,400,0,0,0,128,3,2,1,17,‚l‚r –¾’©,0,16777215,16777215,0,’PˆÊ,20,0,0,0,0,0,0,0,128,0,0,0,0,‚l‚r –¾’©,if([D1062] == [13]){COLORCHANGE()},END,0,
STR,938,599,0,0,65280,,5,16777215,0,1,14,Reserved1,,Reserved2,Reserved3,,-24,0,0,0,400,0,0,0,128,3,2,1,17,‚l‚r –¾’©,0,16777215,16777215,0,’PˆÊ,20,0,0,0,0,0,0,0,128,0,0,0,0,‚l‚r –¾’©,if([D1062] == [14]){COLORCHANGE()},END,0,
STR,938,630,0,0,65280,,5,16777215,0,1,15,Reserved1,,Reserved2,Reserved3,,-24,0,0,0,400,0,0,0,128,3,2,1,17,‚l‚r –¾’©,0,16777215,16777215,0,’PˆÊ,20,0,0,0,0,0,0,0,128,0,0,0,0,‚l‚r –¾’©,if([D1062] == [15]){COLORCHANGE()},END,0,
STR,938,659,0,0,65280,,5,16777215,0,1,16,Reserved1,,Reserved2,Reserved3,,-24,0,0,0,400,0,0,0,128,3,2,1,17,‚l‚r –¾’©,0,16777215,16777215,0,’PˆÊ,20,0,0,0,0,0,0,0,128,0,0,0,0,‚l‚r –¾’©,if([D1062] == [16]){COLORCHANGE()},END,0,
STR,938,690,0,0,65280,,5,16777215,0,1,17,Reserved1,,Reserved2,Reserved3,,-24,0,0,0,400,0,0,0,128,3,2,1,17,‚l‚r –¾’©,0,16777215,16777215,0,’PˆÊ,20,0,0,0,0,0,0,0,128,0,0,0,0,‚l‚r –¾’©,if([D1062] == [17]){COLORCHANGE()},END,0,
STR,938,720,0,0,65280,,5,16777215,0,1,18,Reserved1,,Reserved2,Reserved3,,-24,0,0,0,400,0,0,0,128,3,2,1,17,‚l‚r –¾’©,0,16777215,16777215,0,’PˆÊ,20,0,0,0,0,0,0,0,128,0,0,0,0,‚l‚r –¾’©,if([D1062] == [18]){COLORCHANGE()},END,0,
STR,938,751,0,0,65280,,5,16777215,0,1,19,Reserved1,,Reserved2,Reserved3,,-24,0,0,0,400,0,0,0,128,3,2,1,17,‚l‚r –¾’©,0,16777215,16777215,0,’PˆÊ,20,0,0,0,0,0,0,0,128,0,0,0,0,‚l‚r –¾’©,if([D1062] == [19]){COLORCHANGE()},END,0,
STR,938,781,0,0,65280,,5,16777215,0,1,20,Reserved1,,Reserved2,Reserved3,,-24,0,0,0,400,0,0,0,128,3,2,1,17,‚l‚r –¾’©,0,16777215,16777215,0,’PˆÊ,20,0,0,0,0,0,0,0,128,0,0,0,0,‚l‚r –¾’©,if([D1062] == [20]){COLORCHANGE()},END,0,
LINE,1059,454,0,0,65536,,5,1059,785,16777215,16777215,1,0,0,0,0,0,0,END,0,,,,,,,,,,,,,,,,,,,,,,,,,,,,,,,,,
LINE,1169,454,0,0,65536,,5,1169,785,16777215,16777215,1,0,0,0,0,0,0,END,0,,,,,,,,,,,,,,,,,,,,,,,,,,,,,,,,,
LINE,1285,454,0,0,65536,,5,1285,785,16777215,16777215,1,0,0,0,0,0,0,END,0,,,,,,,,,,,,,,,,,,,,,,,,,,,,,,,,,
STR,1045,510,0,0,65536,,5,16777215,16777215,1,-100.0,Reserved1,0.0,Reserved2,Reserved3,[D1511],20,0,0,0,0,0,0,0,128,0,0,0,0,‚l‚r –¾’©,1,16777215,0,0,,20,0,0,0,0,0,0,0,128,0,0,0,0,‚l‚r –¾’©,END,0,,
STR,1045,541,0,0,65536,,5,16777215,16777215,1,-100.0,Reserved1,0.0,Reserved2,Reserved3,[D1512],20,0,0,0,0,0,0,0,128,0,0,0,0,‚l‚r –¾’©,1,16777215,0,0,,20,0,0,0,0,0,0,0,128,0,0,0,0,‚l‚r –¾’©,END,0,,
STR,1045,571,0,0,65536,,5,16777215,16777215,1,-100.0,Reserved1,0.0,Reserved2,Reserved3,[D1513],20,0,0,0,0,0,0,0,128,0,0,0,0,‚l‚r –¾’©,1,16777215,0,0,,20,0,0,0,0,0,0,0,128,0,0,0,0,‚l‚r –¾’©,END,0,,
STR,1045,601,0,0,65536,,5,16777215,16777215,1,-100.0,Reserved1,0.0,Reserved2,Reserved3,[D1514],20,0,0,0,0,0,0,0,128,0,0,0,0,‚l‚r –¾’©,1,16777215,0,0,,20,0,0,0,0,0,0,0,128,0,0,0,0,‚l‚r –¾’©,END,0,,
STR,1045,629,0,0,65536,,5,16777215,16777215,1,-100.0,Reserved1,0.0,Reserved2,Reserved3,[D1515],20,0,0,0,0,0,0,0,128,0,0,0,0,‚l‚r –¾’©,1,16777215,0,0,,20,0,0,0,0,0,0,0,128,0,0,0,0,‚l‚r –¾’©,END,0,,
STR,1045,660,0,0,65536,,5,16777215,16777215,1,-100.0,Reserved1,0.0,Reserved2,Reserved3,[D1516],20,0,0,0,0,0,0,0,128,0,0,0,0,‚l‚r –¾’©,1,16777215,0,0,,20,0,0,0,0,0,0,0,128,0,0,0,0,‚l‚r –¾’©,END,0,,
STR,1045,690,0,0,65536,,5,16777215,16777215,1,-100.0,Reserved1,0.0,Reserved2,Reserved3,[D1517],20,0,0,0,0,0,0,0,128,0,0,0,0,‚l‚r –¾’©,1,16777215,0,0,,20,0,0,0,0,0,0,0,128,0,0,0,0,‚l‚r –¾’©,END,0,,
STR,1045,721,0,0,65536,,5,16777215,16777215,1,-100.0,Reserved1,0.0,Reserved2,Reserved3,[D1518],20,0,0,0,0,0,0,0,128,0,0,0,0,‚l‚r –¾’©,1,16777215,0,0,,20,0,0,0,0,0,0,0,128,0,0,0,0,‚l‚r –¾’©,END,0,,
STR,1045,751,0,0,65536,,5,16777215,16777215,1,-100.0,Reserved1,0.0,Reserved2,Reserved3,[D1519],20,0,0,0,0,0,0,0,128,0,0,0,0,‚l‚r –¾’©,1,16777215,0,0,,20,0,0,0,0,0,0,0,128,0,0,0,0,‚l‚r –¾’©,END,0,,
STR,1045,782,0,0,65536,,5,16777215,16777215,1,-100.0,Reserved1,0.0,Reserved2,Reserved3,[D1520],20,0,0,0,0,0,0,0,128,0,0,0,0,‚l‚r –¾’©,1,16777215,0,0,,20,0,0,0,0,0,0,0,128,0,0,0,0,‚l‚r –¾’©,END,0,,
STR,1162,540,0,0,65536,,5,16777215,16777215,1,0.0,Reserved1,0.0,Reserved2,Reserved3,[D1562],-20,0,0,0,400,0,0,0,128,3,2,1,17,‚l‚r –¾’©,1,16777215,0,0,%RH,-20,0,0,0,400,0,0,0,128,3,2,1,17,‚l‚r –¾’©,END,0,,
STR,1162,570,0,0,65536,,5,16777215,16777215,1,0.0,Reserved1,0.0,Reserved2,Reserved3,[D1563],-20,0,0,0,400,0,0,0,128,3,2,1,17,‚l‚r –¾’©,1,16777215,0,0,%RH,-20,0,0,0,400,0,0,0,128,3,2,1,17,‚l‚r –¾’©,END,0,,
STR,1162,599,0,0,65536,,5,16777215,16777215,1,0.0,Reserved1,0.0,Reserved2,Reserved3,[D1564],-20,0,0,0,400,0,0,0,128,3,2,1,17,‚l‚r –¾’©,1,16777215,0,0,%RH,-20,0,0,0,400,0,0,0,128,3,2,1,17,‚l‚r –¾’©,END,0,,
STR,1162,630,0,0,65536,,5,16777215,16777215,1,0.0,Reserved1,0.0,Reserved2,Reserved3,[D1565],-20,0,0,0,400,0,0,0,128,3,2,1,17,‚l‚r –¾’©,1,16777215,0,0,%RH,-20,0,0,0,400,0,0,0,128,3,2,1,17,‚l‚r –¾’©,END,0,,
STR,1162,660,0,0,65536,,5,16777215,16777215,1,0.0,Reserved1,0.0,Reserved2,Reserved3,[D1566],-20,0,0,0,400,0,0,0,128,3,2,1,17,‚l‚r –¾’©,1,16777215,0,0,%RH,-20,0,0,0,400,0,0,0,128,3,2,1,17,‚l‚r –¾’©,END,0,,
STR,1162,691,0,0,65536,,5,16777215,16777215,1,0.0,Reserved1,0.0,Reserved2,Reserved3,[D1567],-20,0,0,0,400,0,0,0,128,3,2,1,17,‚l‚r –¾’©,1,16777215,0,0,%RH,-20,0,0,0,400,0,0,0,128,3,2,1,17,‚l‚r –¾’©,END,0,,
STR,1162,721,0,0,65536,,5,16777215,16777215,1,0.0,Reserved1,0.0,Reserved2,Reserved3,[D1568],-20,0,0,0,400,0,0,0,128,3,2,1,17,‚l‚r –¾’©,1,16777215,0,0,%RH,-20,0,0,0,400,0,0,0,128,3,2,1,17,‚l‚r –¾’©,END,0,,
STR,1162,751,0,0,65536,,5,16777215,16777215,1,0.0,Reserved1,0.0,Reserved2,Reserved3,[D1569],-20,0,0,0,400,0,0,0,128,3,2,1,17,‚l‚r –¾’©,1,16777215,0,0,%RH,-20,0,0,0,400,0,0,0,128,3,2,1,17,‚l‚r –¾’©,END,0,,
STR,1162,782,0,0,65536,,5,16777215,16777215,1,0.0,Reserved1,0.0,Reserved2,Reserved3,[D1570],-20,0,0,0,400,0,0,0,128,3,2,1,17,‚l‚r –¾’©,1,16777215,0,0,%RH,-20,0,0,0,400,0,0,0,128,3,2,1,17,‚l‚r –¾’©,END,0,,
STR,1339,509,0,0,65536,,5,16777215,16777215,1,•ª,Reserved1,,Reserved2,Reserved3,,20,0,0,0,0,0,0,0,128,0,0,0,0,‚l‚r –¾’©,0,16777215,16777215,0,’PˆÊ,20,0,0,0,0,0,0,0,128,0,0,0,0,‚l‚r –¾’©,if([M1561]){SHOW()},END,0,
STR,1338,782,0,0,65536,,5,16777215,16777215,1,•b,Reserved1,,Reserved2,Reserved3,,20,0,0,0,0,0,0,0,128,0,0,0,0,‚l‚r –¾’©,0,16777215,16777215,0,’PˆÊ,20,0,0,0,0,0,0,0,128,0,0,0,0,‚l‚r –¾’©,if([M1520]){SHOW()},END,0,
STR,1339,540,0,0,65536,,5,16777215,16777215,1,ŠÔ,Reserved1,,Reserved2,Reserved3,,20,0,0,0,0,0,0,0,128,0,0,0,0,‚l‚r –¾’©,0,16777215,16777215,0,’PˆÊ,20,0,0,0,0,0,0,0,128,0,0,0,0,‚l‚r –¾’©,if([M1612]){SHOW()},END,0,
STR,1340,540,0,0,65536,,5,16777215,16777215,1,•ª,Reserved1,,Reserved2,Reserved3,,20,0,0,0,0,0,0,0,128,0,0,0,0,‚l‚r –¾’©,0,16777215,16777215,0,’PˆÊ,20,0,0,0,0,0,0,0,128,0,0,0,0,‚l‚r –¾’©,if([M1562]){SHOW()},END,0,
STR,1339,540,0,0,65536,,5,16777215,16777215,1,•b,Reserved1,,Reserved2,Reserved3,,20,0,0,0,0,0,0,0,128,0,0,0,0,‚l‚r –¾’©,0,16777215,16777215,0,’PˆÊ,20,0,0,0,0,0,0,0,128,0,0,0,0,‚l‚r –¾’©,if([M1512]){SHOW()},END,0,
STR,1339,570,0,0,65536,,5,16777215,16777215,1,ŠÔ,Reserved1,,Reserved2,Reserved3,,20,0,0,0,0,0,0,0,128,0,0,0,0,‚l‚r –¾’©,0,16777215,16777215,0,’PˆÊ,20,0,0,0,0,0,0,0,128,0,0,0,0,‚l‚r –¾’©,if([M1613]){SHOW()},END,0,
STR,1339,570,0,0,65536,,5,16777215,16777215,1,•ª,Reserved1,,Reserved2,Reserved3,,20,0,0,0,0,0,0,0,128,0,0,0,0,‚l‚r –¾’©,0,16777215,16777215,0,’PˆÊ,20,0,0,0,0,0,0,0,128,0,0,0,0,‚l‚r –¾’©,if([M1563]){SHOW()},END,0,
STR,1339,570,0,0,65536,,5,16777215,16777215,1,•b,Reserved1,,Reserved2,Reserved3,,20,0,0,0,0,0,0,0,128,0,0,0,0,‚l‚r –¾’©,0,16777215,16777215,0,’PˆÊ,20,0,0,0,0,0,0,0,128,0,0,0,0,‚l‚r –¾’©,if([M1513]){SHOW()},END,0,
STR,1339,601,0,0,65536,,5,16777215,16777215,1,ŠÔ,Reserved1,,Reserved2,Reserved3,,20,0,0,0,0,0,0,0,128,0,0,0,0,‚l‚r –¾’©,0,16777215,16777215,0,’PˆÊ,20,0,0,0,0,0,0,0,128,0,0,0,0,‚l‚r –¾’©,if([M1614]){SHOW()},END,0,
STR,1339,600,0,0,65536,,5,16777215,16777215,1,•ª,Reserved1,,Reserved2,Reserved3,,20,0,0,0,0,0,0,0,128,0,0,0,0,‚l‚r –¾’©,0,16777215,16777215,0,’PˆÊ,20,0,0,0,0,0,0,0,128,0,0,0,0,‚l‚r –¾’©,if([M1564]){SHOW()},END,0,
STR,1339,601,0,0,65536,,5,16777215,16777215,1,•b,Reserved1,,Reserved2,Reserved3,,20,0,0,0,0,0,0,0,128,0,0,0,0,‚l‚r –¾’©,0,16777215,16777215,0,’PˆÊ,20,0,0,0,0,0,0,0,128,0,0,0,0,‚l‚r –¾’©,if([M1514]){SHOW()},END,0,
STR,1338,631,0,0,65536,,5,16777215,16777215,1,ŠÔ,Reserved1,,Reserved2,Reserved3,,20,0,0,0,0,0,0,0,128,0,0,0,0,‚l‚r –¾’©,0,16777215,16777215,0,’PˆÊ,20,0,0,0,0,0,0,0,128,0,0,0,0,‚l‚r –¾’©,if([M1615]){SHOW()},END,0,
STR,1338,631,0,0,65536,,5,16777215,16777215,1,•ª,Reserved1,,Reserved2,Reserved3,,20,0,0,0,0,0,0,0,128,0,0,0,0,‚l‚r –¾’©,0,16777215,16777215,0,’PˆÊ,20,0,0,0,0,0,0,0,128,0,0,0,0,‚l‚r –¾’©,if([M1565]){SHOW()},END,0,
STR,1338,631,0,0,65536,,5,16777215,16777215,1,•b,Reserved1,,Reserved2,Reserved3,,20,0,0,0,0,0,0,0,128,0,0,0,0,‚l‚r –¾’©,0,16777215,16777215,0,’PˆÊ,20,0,0,0,0,0,0,0,128,0,0,0,0,‚l‚r –¾’©,if([M1515]){SHOW()},END,0,
STR,1339,660,0,0,65536,,5,16777215,16777215,1,ŠÔ,Reserved1,,Reserved2,Reserved3,,20,0,0,0,0,0,0,0,128,0,0,0,0,‚l‚r –¾’©,0,16777215,16777215,0,’PˆÊ,20,0,0,0,0,0,0,0,128,0,0,0,0,‚l‚r –¾’©,if([M1616]){SHOW()},END,0,
STR,1338,660,0,0,65536,,5,16777215,16777215,1,•ª,Reserved1,,Reserved2,Reserved3,,20,0,0,0,0,0,0,0,128,0,0,0,0,‚l‚r –¾’©,0,16777215,16777215,0,’PˆÊ,20,0,0,0,0,0,0,0,128,0,0,0,0,‚l‚r –¾’©,if([M1566]){SHOW()},END,0,
STR,1338,660,0,0,65536,,5,16777215,16777215,1,•b,Reserved1,,Reserved2,Reserved3,,20,0,0,0,0,0,0,0,128,0,0,0,0,‚l‚r –¾’©,0,16777215,16777215,0,’PˆÊ,20,0,0,0,0,0,0,0,128,0,0,0,0,‚l‚r –¾’©,if([M1516]){SHOW()},END,0,
STR,1338,691,0,0,65536,,5,16777215,16777215,1,ŠÔ,Reserved1,,Reserved2,Reserved3,,20,0,0,0,0,0,0,0,128,0,0,0,0,‚l‚r –¾’©,0,16777215,16777215,0,’PˆÊ,20,0,0,0,0,0,0,0,128,0,0,0,0,‚l‚r –¾’©,if([M1617]){SHOW()},END,0,
STR,1338,691,0,0,65536,,5,16777215,16777215,1,•ª,Reserved1,,Reserved2,Reserved3,,20,0,0,0,0,0,0,0,128,0,0,0,0,‚l‚r –¾’©,0,16777215,16777215,0,’PˆÊ,20,0,0,0,0,0,0,0,128,0,0,0,0,‚l‚r –¾’©,if([M1567]){SHOW()},END,0,
STR,1338,691,0,0,65536,,5,16777215,16777215,1,•b,Reserved1,,Reserved2,Reserved3,,20,0,0,0,0,0,0,0,128,0,0,0,0,‚l‚r –¾’©,0,16777215,16777215,0,’PˆÊ,20,0,0,0,0,0,0,0,128,0,0,0,0,‚l‚r –¾’©,if([M1517]){SHOW()},END,0,
STR,1338,722,0,0,65536,,5,16777215,16777215,1,ŠÔ,Reserved1,,Reserved2,Reserved3,,20,0,0,0,0,0,0,0,128,0,0,0,0,‚l‚r –¾’©,0,16777215,16777215,0,’PˆÊ,20,0,0,0,0,0,0,0,128,0,0,0,0,‚l‚r –¾’©,if([M1618]){SHOW()},END,0,
STR,1338,722,0,0,65536,,5,16777215,16777215,1,•ª,Reserved1,,Reserved2,Reserved3,,20,0,0,0,0,0,0,0,128,0,0,0,0,‚l‚r –¾’©,0,16777215,16777215,0,’PˆÊ,20,0,0,0,0,0,0,0,128,0,0,0,0,‚l‚r –¾’©,if([M1568]){SHOW()},END,0,
STR,1338,722,0,0,65536,,5,16777215,16777215,1,•b,Reserved1,,Reserved2,Reserved3,,20,0,0,0,0,0,0,0,128,0,0,0,0,‚l‚r –¾’©,0,16777215,16777215,0,’PˆÊ,20,0,0,0,0,0,0,0,128,0,0,0,0,‚l‚r –¾’©,if([M1518]){SHOW()},END,0,
STR,1338,751,0,0,65536,,5,16777215,16777215,1,ŠÔ,Reserved1,,Reserved2,Reserved3,,20,0,0,0,0,0,0,0,128,0,0,0,0,‚l‚r –¾’©,0,16777215,16777215,0,’PˆÊ,20,0,0,0,0,0,0,0,128,0,0,0,0,‚l‚r –¾’©,if([M1619]){SHOW()},END,0,
STR,1338,751,0,0,65536,,5,16777215,16777215,1,•ª,Reserved1,,Reserved2,Reserved3,,20,0,0,0,0,0,0,0,128,0,0,0,0,‚l‚r –¾’©,0,16777215,16777215,0,’PˆÊ,20,0,0,0,0,0,0,0,128,0,0,0,0,‚l‚r –¾’©,if([M1569]){SHOW()},END,0,
STR,1338,751,0,0,65536,,5,16777215,16777215,1,•b,Reserved1,,Reserved2,Reserved3,,20,0,0,0,0,0,0,0,128,0,0,0,0,‚l‚r –¾’©,0,16777215,16777215,0,’PˆÊ,20,0,0,0,0,0,0,0,128,0,0,0,0,‚l‚r –¾’©,if([M1519]){SHOW()},END,0,
STR,1339,510,0,0,65536,,5,16777215,16777215,1,•b,Reserved1,,Reserved2,Reserved3,,20,0,0,0,0,0,0,0,128,0,0,0,0,‚l‚r –¾’©,0,16777215,16777215,0,’PˆÊ,20,0,0,0,0,0,0,0,128,0,0,0,0,‚l‚r –¾’©,if([M1511]){SHOW()},END,0,
STR,1275,510,0,0,65536,,5,16777215,16777215,1,0,Reserved1,0,Reserved2,Reserved3,[D1611],20,0,0,0,0,0,0,0,128,0,0,0,0,‚l‚r –¾’©,0,16777215,0,0,,20,0,0,0,0,0,0,0,128,0,0,0,0,‚l‚r –¾’©,if([D1711] <= [9999]){SHOW()},END,0,
STR,1275,541,0,0,65536,,5,16777215,16777215,1,0,Reserved1,0,Reserved2,Reserved3,[D1612],20,0,0,0,0,0,0,0,128,0,0,0,0,‚l‚r –¾’©,0,16777215,0,0,,20,0,0,0,0,0,0,0,128,0,0,0,0,‚l‚r –¾’©,if([D1712] <= [9999]){SHOW()},END,0,
STR,1275,571,0,0,65536,,5,16777215,16777215,1,0,Reserved1,0,Reserved2,Reserved3,[D1613],20,0,0,0,0,0,0,0,128,0,0,0,0,‚l‚r –¾’©,0,16777215,0,0,,20,0,0,0,0,0,0,0,128,0,0,0,0,‚l‚r –¾’©,if([D1713] <= [9999]){SHOW()},END,0,
STR,1275,602,0,0,65536,,5,16777215,16777215,1,0,Reserved1,0,Reserved2,Reserved3,[D1614],20,0,0,0,0,0,0,0,128,0,0,0,0,‚l‚r –¾’©,0,16777215,0,0,,20,0,0,0,0,0,0,0,128,0,0,0,0,‚l‚r –¾’©,if([D1714] <= [9999]){SHOW()},END,0,
STR,1275,632,0,0,65536,,5,16777215,16777215,1,0,Reserved1,0,Reserved2,Reserved3,[D1615],20,0,0,0,0,0,0,0,128,0,0,0,0,‚l‚r –¾’©,0,16777215,0,0,,20,0,0,0,0,0,0,0,128,0,0,0,0,‚l‚r –¾’©,if([D1715] <= [9999]){SHOW()},END,0,
STR,1275,663,0,0,65536,,5,16777215,16777215,1,0,Reserved1,0,Reserved2,Reserved3,[D1616],20,0,0,0,0,0,0,0,128,0,0,0,0,‚l‚r –¾’©,0,16777215,0,0,,20,0,0,0,0,0,0,0,128,0,0,0,0,‚l‚r –¾’©,if([D1716] <= [9999]){SHOW()},END,0,
STR,1275,693,0,0,65536,,5,16777215,16777215,1,0,Reserved1,0,Reserved2,Reserved3,[D1617],20,0,0,0,0,0,0,0,128,0,0,0,0,‚l‚r –¾’©,0,16777215,0,0,,20,0,0,0,0,0,0,0,128,0,0,0,0,‚l‚r –¾’©,if([D1717] <= [9999]){SHOW()},END,0,
STR,1275,724,0,0,65536,,5,16777215,16777215,1,0,Reserved1,0,Reserved2,Reserved3,[D1618],20,0,0,0,0,0,0,0,128,0,0,0,0,‚l‚r –¾’©,0,16777215,0,0,,20,0,0,0,0,0,0,0,128,0,0,0,0,‚l‚r –¾’©,if([D1718] <= [9999]){SHOW()},END,0,
STR,1275,752,0,0,65536,,5,16777215,16777215,1,0,Reserved1,0,Reserved2,Reserved3,[D1619],20,0,0,0,0,0,0,0,128,0,0,0,0,‚l‚r –¾’©,0,16777215,0,0,,20,0,0,0,0,0,0,0,128,0,0,0,0,‚l‚r –¾’©,if([D1719] <= [9999]){SHOW()},END,0,
STR,1275,783,0,0,65536,,5,16777215,16777215,1,0,Reserved1,0,Reserved2,Reserved3,[D1620],20,0,0,0,0,0,0,0,128,0,0,0,0,‚l‚r –¾’©,0,16777215,0,0,,20,0,0,0,0,0,0,0,128,0,0,0,0,‚l‚r –¾’©,if([D1720] <= [9999]){SHOW()},END,0,
STR,1162,510,0,0,65536,,5,16777215,16777215,1,0.0,Reserved1,0.0,Reserved2,Reserved3,[D1561],-20,0,0,0,400,0,0,0,128,3,2,1,17,‚l‚r –¾’©,1,16777215,0,0,%RH,-20,0,0,0,400,0,0,0,128,3,2,1,17,‚l‚r –¾’©,END,0,,
STR,685,510,0,0,65536,,5,16777215,16777215,1,0,Reserved1,0,Reserved2,Reserved3,[D1651],20,0,0,0,0,0,0,0,128,0,0,0,0,‚l‚r –¾’©,0,16777215,0,0,,20,0,0,0,0,0,0,0,128,0,0,0,0,‚l‚r –¾’©,if([D1651] > [0]){SHOW()},END,0,
STR,685,541,0,0,65536,,5,16777215,16777215,1,0,Reserved1,0,Reserved2,Reserved3,[D1652],20,0,0,0,0,0,0,0,128,0,0,0,0,‚l‚r –¾’©,0,16777215,0,0,,20,0,0,0,0,0,0,0,128,0,0,0,0,‚l‚r –¾’©,if([D1652] > [0]){SHOW()},END,0,
STR,685,571,0,0,65536,,5,16777215,16777215,1,0,Reserved1,0,Reserved2,Reserved3,[D1653],20,0,0,0,0,0,0,0,128,0,0,0,0,‚l‚r –¾’©,0,16777215,0,0,,20,0,0,0,0,0,0,0,128,0,0,0,0,‚l‚r –¾’©,if([D1653] > [0]){SHOW()},END,0,
STR,685,602,0,0,65536,,5,16777215,16777215,1,0,Reserved1,0,Reserved2,Reserved3,[D1654],20,0,0,0,0,0,0,0,128,0,0,0,0,‚l‚r –¾’©,0,16777215,0,0,,20,0,0,0,0,0,0,0,128,0,0,0,0,‚l‚r –¾’©,if([D1654] > [0]){SHOW()},END,0,
STR,685,632,0,0,65536,,5,16777215,16777215,1,0,Reserved1,0,Reserved2,Reserved3,[D1655],20,0,0,0,0,0,0,0,128,0,0,0,0,‚l‚r –¾’©,0,16777215,0,0,,20,0,0,0,0,0,0,0,128,0,0,0,0,‚l‚r –¾’©,if([D1655] > [0]){SHOW()},END,0,
STR,685,663,0,0,65536,,5,16777215,16777215,1,0,Reserved1,0,Reserved2,Reserved3,[D1656],20,0,0,0,0,0,0,0,128,0,0,0,0,‚l‚r –¾’©,0,16777215,0,0,,20,0,0,0,0,0,0,0,128,0,0,0,0,‚l‚r –¾’©,if([D1656] > [0]){SHOW()},END,0,
STR,685,693,0,0,65536,,5,16777215,16777215,1,0,Reserved1,0,Reserved2,Reserved3,[D1657],20,0,0,0,0,0,0,0,128,0,0,0,0,‚l‚r –¾’©,0,16777215,0,0,,20,0,0,0,0,0,0,0,128,0,0,0,0,‚l‚r –¾’©,if([D1657] > [0]){SHOW()},END,0,
STR,685,724,0,0,65536,,5,16777215,16777215,1,0,Reserved1,0,Reserved2,Reserved3,[D1658],20,0,0,0,0,0,0,0,128,0,0,0,0,‚l‚r –¾’©,0,16777215,0,0,,20,0,0,0,0,0,0,0,128,0,0,0,0,‚l‚r –¾’©,if([D1658] > [0]){SHOW()},END,0,
STR,685,752,0,0,65536,,5,16777215,16777215,1,0,Reserved1,0,Reserved2,Reserved3,[D1659],20,0,0,0,0,0,0,0,128,0,0,0,0,‚l‚r –¾’©,0,16777215,0,0,,20,0,0,0,0,0,0,0,128,0,0,0,0,‚l‚r –¾’©,if([D1659] > [0]){SHOW()},END,0,
STR,685,783,0,0,65536,,5,16777215,16777215,1,0,Reserved1,0,Reserved2,Reserved3,[D1660],20,0,0,0,0,0,0,0,128,0,0,0,0,‚l‚r –¾’©,0,16777215,0,0,,20,0,0,0,0,0,0,0,128,0,0,0,0,‚l‚r –¾’©,if([D1660] > [0]){SHOW()},END,0,
STR,1234,510,0,0,65536,,5,16777215,16777215,1,0,Reserved1,0,Reserved2,Reserved3,[D1661],20,0,0,0,0,0,0,0,128,0,0,0,0,‚l‚r –¾’©,0,16777215,0,0,,20,0,0,0,0,0,0,0,128,0,0,0,0,‚l‚r –¾’©,if([D1661] > [0]){SHOW()},END,0,
STR,1234,541,0,0,65536,,5,16777215,16777215,1,0,Reserved1,0,Reserved2,Reserved3,[D1662],20,0,0,0,0,0,0,0,128,0,0,0,0,‚l‚r –¾’©,0,16777215,0,0,,20,0,0,0,0,0,0,0,128,0,0,0,0,‚l‚r –¾’©,if([D1662] > [0]){SHOW()},END,0,
STR,1234,571,0,0,65536,,5,16777215,16777215,1,0,Reserved1,0,Reserved2,Reserved3,[D1663],20,0,0,0,0,0,0,0,128,0,0,0,0,‚l‚r –¾’©,0,16777215,0,0,,20,0,0,0,0,0,0,0,128,0,0,0,0,‚l‚r –¾’©,if([D1663] > [0]){SHOW()},END,0,
STR,1234,602,0,0,65536,,5,16777215,16777215,1,0,Reserved1,0,Reserved2,Reserved3,[D1664],20,0,0,0,0,0,0,0,128,0,0,0,0,‚l‚r –¾’©,0,16777215,0,0,,20,0,0,0,0,0,0,0,128,0,0,0,0,‚l‚r –¾’©,if([D1664] > [0]){SHOW()},END,0,
STR,1234,632,0,0,65536,,5,16777215,16777215,1,0,Reserved1,0,Reserved2,Reserved3,[D1665],20,0,0,0,0,0,0,0,128,0,0,0,0,‚l‚r –¾’©,0,16777215,0,0,,20,0,0,0,0,0,0,0,128,0,0,0,0,‚l‚r –¾’©,if([D1665] > [0]){SHOW()},END,0,
STR,1234,663,0,0,65536,,5,16777215,16777215,1,0,Reserved1,0,Reserved2,Reserved3,[D1666],20,0,0,0,0,0,0,0,128,0,0,0,0,‚l‚r –¾’©,0,16777215,0,0,,20,0,0,0,0,0,0,0,128,0,0,0,0,‚l‚r –¾’©,if([D1666] > [0]){SHOW()},END,0,
STR,1234,693,0,0,65536,,5,16777215,16777215,1,0,Reserved1,0,Reserved2,Reserved3,[D1667],20,0,0,0,0,0,0,0,128,0,0,0,0,‚l‚r –¾’©,0,16777215,0,0,,20,0,0,0,0,0,0,0,128,0,0,0,0,‚l‚r –¾’©,if([D1667] > [0]){SHOW()},END,0,
STR,1234,724,0,0,65536,,5,16777215,16777215,1,0,Reserved1,0,Reserved2,Reserved3,[D1668],20,0,0,0,0,0,0,0,128,0,0,0,0,‚l‚r –¾’©,0,16777215,0,0,,20,0,0,0,0,0,0,0,128,0,0,0,0,‚l‚r –¾’©,if([D1668] > [0]){SHOW()},END,0,
STR,1234,752,0,0,65536,,5,16777215,16777215,1,0,Reserved1,0,Reserved2,Reserved3,[D1669],20,0,0,0,0,0,0,0,128,0,0,0,0,‚l‚r –¾’©,0,16777215,0,0,,20,0,0,0,0,0,0,0,128,0,0,0,0,‚l‚r –¾’©,if([D1669] > [0]){SHOW()},END,0,
STR,1234,783,0,0,65536,,5,16777215,16777215,1,0,Reserved1,0,Reserved2,Reserved3,[D1670],20,0,0,0,0,0,0,0,128,0,0,0,0,‚l‚r –¾’©,0,16777215,0,0,,20,0,0,0,0,0,0,0,128,0,0,0,0,‚l‚r –¾’©,if([D1670] > [0]){SHOW()},END,0,
STR,1356,430,0,0,65536,,5,8388608,16777215,1,00,Reserved1,00,Reserved2,Reserved3,[D1202],-20,0,0,0,400,0,0,0,128,3,2,1,17,‚l‚r –¾’©,0,16777215,16777215,0,’PˆÊ,20,0,0,0,0,0,0,0,128,0,0,0,0,‚l‚r –¾’©,END,0,,
STR,1328,430,0,0,65536,,5,8388608,16777215,1,00,Reserved1,00,Reserved2,Reserved3,[D1201],-20,0,0,0,400,0,0,0,128,3,2,1,17,‚l‚r –¾’©,0,16777215,16777215,0,’PˆÊ,20,0,0,0,0,0,0,0,128,0,0,0,0,‚l‚r –¾’©,END,0,,
STR,1309,430,0,0,65536,,5,8388608,16777215,1,:,Reserved1,00,Reserved2,Reserved3,,-20,0,0,0,400,0,0,0,128,3,2,1,17,‚l‚r –¾’©,0,16777215,16777215,0,’PˆÊ,20,0,0,0,0,0,0,0,128,0,0,0,0,‚l‚r –¾’©,END,0,,
STR,1300,430,0,0,65536,,5,8388608,16777215,1,00,Reserved1,00,Reserved2,Reserved3,[D1200],-20,0,0,0,400,0,0,0,128,3,2,1,17,‚l‚r –¾’©,0,16777215,16777215,0,’PˆÊ,20,0,0,0,0,0,0,0,128,0,0,0,0,‚l‚r –¾’©,END,0,,
STR,1487,431,0,0,65536,,5,8388608,16777215,1,:,Reserved1,00,Reserved2,Reserved3,,-20,0,0,0,400,0,0,0,128,3,2,1,17,‚l‚r –¾’©,0,16777215,16777215,0,’PˆÊ,20,0,0,0,0,0,0,0,128,0,0,0,0,‚l‚r –¾’©,END,0,,
STR,1505,431,0,0,65536,,5,8388608,16777215,1,00,Reserved1,00,Reserved2,Reserved3,[D1205],-20,0,0,0,400,0,0,0,128,3,2,1,17,‚l‚r –¾’©,0,16777215,16777215,0,’PˆÊ,20,0,0,0,0,0,0,0,128,0,0,0,0,‚l‚r –¾’©,END,0,,
STR,1477,431,0,0,65536,,5,8388608,16777215,1,00,Reserved1,00,Reserved2,Reserved3,[D1204],-20,0,0,0,400,0,0,0,128,3,2,1,17,‚l‚r –¾’©,0,16777215,16777215,0,’PˆÊ,20,0,0,0,0,0,0,0,128,0,0,0,0,‚l‚r –¾’©,END,0,,
STR,1458,431,0,0,65536,,5,8388608,16777215,1,:,Reserved1,00,Reserved2,Reserved3,,-20,0,0,0,400,0,0,0,128,3,2,1,17,‚l‚r –¾’©,0,16777215,16777215,0,’PˆÊ,20,0,0,0,0,0,0,0,128,0,0,0,0,‚l‚r –¾’©,END,0,,
STR,1449,431,0,0,65536,,5,8388608,16777215,1,00,Reserved1,00,Reserved2,Reserved3,[D1203],-20,0,0,0,400,0,0,0,128,3,2,1,17,‚l‚r –¾’©,0,16777215,16777215,0,’PˆÊ,20,0,0,0,0,0,0,0,128,0,0,0,0,‚l‚r –¾’©,END,0,,
LINE,239,83,2,0,65536,,5,342,115,16777215,65280,1,0,1,1,0,0,0,if([M986] && [M803]){SHOW()},END,0,,,,,,,,,,,,,,,,,,,,,,,,,,,,,,,,
STR,320,109,2,0,65536,,5,8388608,65280,1,‰^“]’†,Reserved1,,Reserved2,Reserved3,,-20,0,0,0,400,0,0,0,128,3,2,1,17,‚l‚r –¾’©,0,16777215,16777215,0,’PˆÊ,20,0,0,0,0,0,0,0,128,0,0,0,0,‚l‚r –¾’©,if([M986] && [M803]){SHOW()},END,0,
LINE,239,83,1,0,65536,,5,342,115,16777215,12632256,1,0,1,1,0,0,0,if([M986]==[0] && [M803]==[0]){SHOW()},END,0,,,,,,,,,,,,,,,,,,,,,,,,,,,,,,,,
STR,320,109,1,0,65536,,5,8388608,65280,1,’â~’†,Reserved1,,Reserved2,Reserved3,,-20,0,0,0,400,0,0,0,128,3,2,1,17,‚l‚r –¾’©,0,16777215,16777215,0,’PˆÊ,20,0,0,0,0,0,0,0,128,0,0,0,0,‚l‚r –¾’©,if([M986]==[0] && [M803]==[0]){SHOW()},END,0,
LINE,239,83,37,0,65536,,5,342,115,16777215,12632256,1,0,1,1,0,0,0,if([M986] && [M803]==[0]){SHOW()},if([1]){BLINK(FAST)},END,0,,,,,,,,,,,,,,,,,,,,,,,,,,,,,,,
STR,320,109,37,0,65536,,5,8388608,65280,1,‡’â’†,Reserved1,,Reserved2,Reserved3,,-20,0,0,0,400,0,0,0,128,3,2,1,17,‚l‚r –¾’©,0,16777215,16777215,0,’PˆÊ,20,0,0,0,0,0,0,0,128,0,0,0,0,‚l‚r –¾’©,if([M986] && [M803]==[0]){SHOW()},END,0,
LINE,239,83,44,0,65536,,5,342,115,16777215,65280,1,0,1,1,0,0,0,if([M986]==[0] && [M803]){SHOW()},if([1]){BLINK(FAST)},END,0,,,,,,,,,,,,,,,,,,,,,,,,,,,,,,,
STR,321,109,44,0,65536,,5,8388608,65280,1,‹N“®’†,Reserved1,,Reserved2,Reserved3,,-20,0,0,0,400,0,0,0,128,3,2,1,17,‚l‚r –¾’©,0,16777215,16777215,0,’PˆÊ,20,0,0,0,0,0,0,0,128,0,0,0,0,‚l‚r –¾’©,if([M986]==[0] && [M803]){SHOW()},END,0,
LINE,576,82,6,0,255,,5,680,116,16777215,12632256,1,0,1,1,0,0,0,if([M900]==[0]&&[M909]==[0]){SHOW()},END,0,,,,,,,,,,,,,,,,,,,,,,,,,,,,,,,,
STR,658,109,6,0,65536,,5,8388608,65280,1,’â~’†,Reserved1,,Reserved2,Reserved3,,-20,0,0,0,400,0,0,0,128,3,2,1,17,‚l‚r –¾’©,0,0,16777215,0,’PˆÊ,-20,0,0,0,400,0,0,0,128,3,2,1,17,‚l‚r –¾’©,if([M900]==[0]&&[M909]==[0]){SHOW()},END,0,
STR,668,109,43,0,65536,,5,8388608,65280,1,‹N“®—v‹,Reserved1,,Reserved2,Reserved3,,-20,0,0,0,400,0,0,0,128,3,2,1,17,‚l‚r –¾’©,0,0,16777215,0,’PˆÊ,-20,0,0,0,400,0,0,0,128,3,2,1,17,‚l‚r –¾’©,if([M900]==[0] && [M909]){SHOW()},END,0,
LINE,576,82,5,0,255,,5,680,116,16777215,65280,1,0,1,1,0,0,0,if([M900]){SHOW()},END,0,,,,,,,,,,,,,,,,,,,,,,,,,,,,,,,,
STR,658,109,5,0,65536,,5,8388608,65280,1,‰^“]’†,Reserved1,,Reserved2,Reserved3,,-20,0,0,0,400,0,0,0,128,3,2,1,17,‚l‚r –¾’©,0,0,16777215,0,’PˆÊ,-20,0,0,0,400,0,0,0,128,3,2,1,17,‚l‚r –¾’©,if([M900]){SHOW()},END,0,
LINE,885,83,11,0,65536,,5,989,117,16777215,12632256,1,0,1,1,0,0,0,if([M983]==[0] && [M807] == [0]){SHOW()},END,0,,,,,,,,,,,,,,,,,,,,,,,,,,,,,,,,
STR,967,110,11,0,65536,,5,8388608,65280,1,’â~’†,Reserved1,,Reserved2,Reserved3,,-20,0,0,0,400,0,0,0,128,3,2,1,17,‚l‚r –¾’©,0,16777215,16777215,0,’PˆÊ,20,0,0,0,0,0,0,0,128,0,0,0,0,‚l‚r –¾’©,if([M983]==[0] && [M807] == [0]){SHOW()},END,0,
LINE,885,83,12,0,65536,,5,989,117,16777215,65280,1,0,1,1,0,0,0,if([M983] && [M807]){SHOW()},END,0,,,,,,,,,,,,,,,,,,,,,,,,,,,,,,,,
STR,967,110,12,0,65536,,5,8388608,65280,1,‰^“]’†,Reserved1,,Reserved2,Reserved3,,-20,0,0,0,400,0,0,0,128,3,2,1,17,‚l‚r –¾’©,0,16777215,16777215,0,’PˆÊ,20,0,0,0,0,0,0,0,128,0,0,0,0,‚l‚r –¾’©,if([M983] && [M807]){SHOW()},END,0,
LINE,885,83,39,0,65536,,5,989,117,16777215,12632256,1,0,1,1,0,0,0,if([M983] && [M807]==[0]){SHOW()},if([1]){BLINK(FAST)},END,0,,,,,,,,,,,,,,,,,,,,,,,,,,,,,,,
STR,967,110,39,0,65536,,5,8388608,65280,1,‡’â’†,Reserved1,,Reserved2,Reserved3,,-20,0,0,0,400,0,0,0,128,3,2,1,17,‚l‚r –¾’©,0,16777215,16777215,0,’PˆÊ,20,0,0,0,0,0,0,0,128,0,0,0,0,‚l‚r –¾’©,if([M983] && [M807]==[0]){SHOW()},END,0,
LINE,885,83,42,0,65536,,5,989,117,16777215,12632256,1,0,1,1,0,0,0,if([M983]==[0] && [M807]){SHOW()},if([1]){BLINK(FAST)},END,0,,,,,,,,,,,,,,,,,,,,,,,,,,,,,,,
STR,967,110,42,0,65536,,5,8388608,65280,1,‹N“®’†,Reserved1,,Reserved2,Reserved3,,-20,0,0,0,400,0,0,0,128,3,2,1,17,‚l‚r –¾’©,0,16777215,16777215,0,’PˆÊ,20,0,0,0,0,0,0,0,128,0,0,0,0,‚l‚r –¾’©,if([M983]==[0] && [M807]){SHOW()},END,0,
LINE,1472,85,0,0,65280,,5,1576,119,16777215,12632256,1,0,1,1,0,0,0,if([M901] == [0]){SHOW()},END,0,,,,,,,,,,,,,,,,,,,,,,,,,,,,,,,,
STR,1544,110,0,0,65536,,5,8388608,65280,1,èŒ³,Reserved1,,Reserved2,Reserved3,,-20,0,0,0,400,0,0,0,128,3,2,1,17,‚l‚r –¾’©,0,16777215,16777215,0,’PˆÊ,20,0,0,0,0,0,0,0,128,0,0,0,0,‚l‚r –¾’©,if([M901]){STRING(‰“•û)},END,0,
LINE,1395,24,16,0,65536,,5,1570,50,16777215,12632256,1,0,1,1,0,0,0,if([D1100]==[0]){SHOW()},END,0,,,,,,,,,,,,,,,,,,,,,,,,,,,,,,,,
STR,1542,47,16,0,65536,,5,8388608,16777215,1,‘€ìŒ —˜–³‚µ,Reserved1,,Reserved2,Reserved3,,-20,0,0,0,400,0,0,0,128,3,2,1,17,‚l‚r –¾’©,0,16777215,16777215,0,’PˆÊ,20,0,0,0,0,0,0,0,128,0,0,0,0,‚l‚r –¾’©,if([D1100]==[0]){SHOW()},END,0,
LINE,1395,24,14,0,65536,,5,1570,50,16777215,65280,1,0,1,1,0,0,0,if([D1100]==[2]){SHOW()},END,0,,,,,,,,,,,,,,,,,,,,,,,,,,,,,,,,
STR,1542,47,14,0,65536,,5,8388608,16777215,1,‘€ìŒ Š—L’†,Reserved1,,Reserved2,Reserved3,,-20,0,0,0,400,0,0,0,128,3,2,1,17,‚l‚r –¾’©,0,16777215,16777215,0,’PˆÊ,20,0,0,0,0,0,0,0,128,0,0,0,0,‚l‚r –¾’©,if([D1100]==[2]){SHOW()},END,0,
LINE,1395,24,15,0,65536,,5,1570,50,16777215,65535,1,0,1,1,0,0,0,if([D1100]==[1]){SHOW()},END,0,,,,,,,,,,,,,,,,,,,,,,,,,,,,,,,,
STR,1562,47,15,0,65536,,5,8388608,16777215,1,‘¼‹@‘€ìŒ Š—L’†,Reserved1,,Reserved2,Reserved3,,-20,0,0,0,400,0,0,0,128,3,2,1,17,‚l‚r –¾’©,0,16777215,16777215,0,’PˆÊ,20,0,0,0,0,0,0,0,128,0,0,0,0,‚l‚r –¾’©,if([D1100]==[1]){SHOW()},END,0,
STR,333,257,20,0,65536,,5,8388608,65280,1,‹N“®’†,Reserved1,,Reserved2,Reserved3,,-20,0,0,0,400,0,0,0,128,3,2,1,17,‚l‚r –¾’©,0,16777215,16777215,0,’PˆÊ,20,0,0,0,0,0,0,0,128,0,0,0,0,‚l‚r –¾’©,if([M906] == [0] && [M805]){SHOW()},END,0,
LINE,1072,233,24,0,12632256,,5,1175,265,16777215,12632256,1,0,1,1,0,0,0,if([M907] == [0] && [M806] == [0]){SHOW()},END,0,,,,,,,,,,,,,,,,,,,,,,,,,,,,,,,,
STR,1153,259,24,0,65536,,5,8388608,65280,1,’â~’†,Reserved1,,Reserved2,Reserved3,,-20,0,0,0,400,0,0,0,128,3,2,1,17,‚l‚r –¾’©,0,16777215,16777215,0,’PˆÊ,20,0,0,0,0,0,0,0,128,0,0,0,0,‚l‚r –¾’©,if([M907] == [0] && [M806] == [0]){SHOW()},END,0,
LINE,1072,233,21,0,12632256,,5,1175,265,16777215,12632256,1,0,1,1,0,0,0,if([M907] && [M806] == [0]){SHOW()},if([1]){BLINK(FAST)},END,0,,,,,,,,,,,,,,,,,,,,,,,,,,,,,,,
STR,1153,259,21,0,65536,,5,8388608,65280,1,‡’â’†,Reserved1,,Reserved2,Reserved3,,-20,0,0,0,400,0,0,0,128,3,2,1,17,‚l‚r –¾’©,0,16777215,16777215,0,’PˆÊ,20,0,0,0,0,0,0,0,128,0,0,0,0,‚l‚r –¾’©,if([M907] && [M806] == [0]){SHOW()},END,0,
LINE,1072,233,41,0,12632256,,5,1175,265,16777215,12632256,1,0,1,1,0,0,0,if([M907] == [0] && [M806]){SHOW()},if([1]){BLINK(FAST)},END,0,,,,,,,,,,,,,,,,,,,,,,,,,,,,,,,
STR,1154,259,41,0,65536,,5,8388608,65280,1,‹N“®’†,Reserved1,,Reserved2,Reserved3,,-20,0,0,0,400,0,0,0,128,3,2,1,17,‚l‚r –¾’©,0,16777215,16777215,0,’PˆÊ,20,0,0,0,0,0,0,0,128,0,0,0,0,‚l‚r –¾’©,if([M907] == [0] && [M806]){SHOW()},END,0,
LINE,1072,233,23,0,12632256,,5,1175,265,16777215,65280,1,0,1,1,0,0,0,if([M907] && [M806]){SHOW()},END,0,,,,,,,,,,,,,,,,,,,,,,,,,,,,,,,,
STR,1153,259,23,0,65536,,5,8388608,65280,1,‰^“]’†,Reserved1,,Reserved2,Reserved3,,-20,0,0,0,400,0,0,0,128,3,2,1,17,‚l‚r –¾’©,0,16777215,16777215,0,’PˆÊ,20,0,0,0,0,0,0,0,128,0,0,0,0,‚l‚r –¾’©,if([M907] && [M806]){SHOW()},END,0,
LINE,252,231,19,0,12632256,,5,355,263,16777215,65280,1,0,1,1,0,0,0,if([M906] && [M805]){SHOW()},END,0,,,,,,,,,,,,,,,,,,,,,,,,,,,,,,,,
STR,333,257,19,0,65536,,5,8388608,65280,1,‰^“]’†,Reserved1,,Reserved2,Reserved3,,-20,0,0,0,400,0,0,0,128,3,2,1,17,‚l‚r –¾’©,0,16777215,16777215,0,’PˆÊ,20,0,0,0,0,0,0,0,128,0,0,0,0,‚l‚r –¾’©,if([M906] && [M805]){SHOW()},END,0,
LINE,252,231,40,0,12632256,,5,355,263,16777215,16777215,1,0,1,1,0,0,0,if([M1001]){SHOW()},END,0,,,,,,,,,,,,,,,,,,,,,,,,,,,,,,,,
LINE,252,231,40,0,12632256,,5,355,263,16777215,12632256,1,0,1,1,0,0,0,if([M1001]){SHOW()},if([1]){BLINK(FAST)},END,0,,,,,,,,,,,,,,,,,,,,,,,,,,,,,,,
STR,336,258,40,0,65536,,5,8388608,65280,1,‡’â’†,Reserved1,,Reserved2,Reserved3,,-20,0,0,0,400,0,0,0,128,3,2,1,17,‚l‚r –¾’©,0,16777215,16777215,0,’PˆÊ,20,0,0,0,0,0,0,0,128,0,0,0,0,‚l‚r –¾’©,if([M1001]){SHOW()},END,0,
LINE,1469,613,32,0,65536,,5,1556,645,16777215,4227327,1,0,1,1,0,0,0,if([D1114] == [2]){SHOW()},END,0,,,,,,,,,,,,,,,,,,,,,,,,,,,,,,,,
STR,1553,639,32,0,65536,,5,8388608,65280,1,ˆê’â~,Reserved1,,Reserved2,Reserved3,,-20,0,0,0,400,0,0,0,128,3,2,1,17,‚l‚r –¾’©,0,16777215,16777215,0,’PˆÊ,20,0,0,0,0,0,0,0,128,0,0,0,0,‚l‚r –¾’©,if([D1114] == [2]){SHOW()},END,0,
LINE,1469,613,33,0,65536,,5,1556,645,16777215,4227327,1,0,1,1,0,0,0,if([D1114] == [3]){SHOW()},END,0,,,,,,,,,,,,,,,,,,,,,,,,,,,,,,,,
STR,1532,639,33,0,65536,,5,8388608,65280,1,ˆÙí,Reserved1,,Reserved2,Reserved3,,-20,0,0,0,400,0,0,0,128,3,2,1,17,‚l‚r –¾’©,0,16777215,16777215,0,’PˆÊ,20,0,0,0,0,0,0,0,128,0,0,0,0,‚l‚r –¾’©,if([D1114] == [3]){SHOW()},END,0,
LINE,1469,613,34,0,65536,,5,1556,645,16777215,65280,1,0,1,1,0,0,0,if([D1114] == [1]){SHOW()},END,0,,,,,,,,,,,,,,,,,,,,,,,,,,,,,,,,
STR,1542,639,34,0,65536,,5,8388608,65280,1,‰^“]’†,Reserved1,,Reserved2,Reserved3,,-20,0,0,0,400,0,0,0,128,3,2,1,17,‚l‚r –¾’©,0,16777215,16777215,0,’PˆÊ,20,0,0,0,0,0,0,0,128,0,0,0,0,‚l‚r –¾’©,if([D1114] == [1]){SHOW()},END,0,
STR,1533,582,0,0,65536,,5,8388608,65280,1,ÄŠJ,Reserved1,,Reserved2,Reserved3,,-20,0,0,0,700,0,0,0,128,3,2,1,49,‚l‚r ƒSƒVƒbƒN,0,16777215,16777215,0,’PˆÊ,20,0,0,0,0,0,0,0,128,0,0,0,0,‚l‚r –¾’©,if([D1114] == [2] || [D1114] == [3]){SHOW()},END,0,
STR,726,510,0,0,65536,,5,16777215,16777215,1,0000,Reserved1,0000,Reserved2,Reserved3,[D1601],20,0,0,0,0,0,0,0,128,0,0,0,0,‚l‚r –¾’©,0,16777215,0,0,,20,0,0,0,0,0,0,0,128,0,0,0,0,‚l‚r –¾’©,if([D1651] > [0]){SHOW()},END,0,
STR,726,541,0,0,65536,,5,16777215,16777215,1,0000,Reserved1,0000,Reserved2,Reserved3,[D1602],20,0,0,0,0,0,0,0,128,0,0,0,0,‚l‚r –¾’©,0,16777215,0,0,,20,0,0,0,0,0,0,0,128,0,0,0,0,‚l‚r –¾’©,if([D1652] > [0]){SHOW()},END,0,
STR,726,571,0,0,65536,,5,16777215,16777215,1,0000,Reserved1,0000,Reserved2,Reserved3,[D1603],20,0,0,0,0,0,0,0,128,0,0,0,0,‚l‚r –¾’©,0,16777215,0,0,,20,0,0,0,0,0,0,0,128,0,0,0,0,‚l‚r –¾’©,if([D1703] > [9999]){SHOW()},END,0,
STR,727,602,0,0,65536,,5,16777215,16777215,1,0000,Reserved1,0000,Reserved2,Reserved3,[D1604],20,0,0,0,0,0,0,0,128,0,0,0,0,‚l‚r –¾’©,0,16777215,0,0,,20,0,0,0,0,0,0,0,128,0,0,0,0,‚l‚r –¾’©,if([D1704] > [9999]){SHOW()},END,0,
STR,726,632,0,0,65536,,5,16777215,16777215,1,0000,Reserved1,0000,Reserved2,Reserved3,[D1605],20,0,0,0,0,0,0,0,128,0,0,0,0,‚l‚r –¾’©,0,16777215,0,0,,20,0,0,0,0,0,0,0,128,0,0,0,0,‚l‚r –¾’©,if([D1705] > [9999]){SHOW()},END,0,
STR,726,663,0,0,65536,,5,16777215,16777215,1,0000,Reserved1,0000,Reserved2,Reserved3,[D1606],20,0,0,0,0,0,0,0,128,0,0,0,0,‚l‚r –¾’©,0,16777215,0,0,,20,0,0,0,0,0,0,0,128,0,0,0,0,‚l‚r –¾’©,if([D1706] > [9999]){SHOW()},END,0,
STR,726,693,0,0,65536,,5,16777215,16777215,1,0000,Reserved1,0000,Reserved2,Reserved3,[D1607],20,0,0,0,0,0,0,0,128,0,0,0,0,‚l‚r –¾’©,0,16777215,0,0,,20,0,0,0,0,0,0,0,128,0,0,0,0,‚l‚r –¾’©,if([D1707] > [9999]){SHOW()},END,0,
STR,726,724,0,0,65536,,5,16777215,16777215,1,0000,Reserved1,0000,Reserved2,Reserved3,[D1608],20,0,0,0,0,0,0,0,128,0,0,0,0,‚l‚r –¾’©,0,16777215,0,0,,20,0,0,0,0,0,0,0,128,0,0,0,0,‚l‚r –¾’©,if([D1708] > [9999]){SHOW()},END,0,
STR,726,752,0,0,65536,,5,16777215,16777215,1,0000,Reserved1,0000,Reserved2,Reserved3,[D1609],20,0,0,0,0,0,0,0,128,0,0,0,0,‚l‚r –¾’©,0,16777215,0,0,,20,0,0,0,0,0,0,0,128,0,0,0,0,‚l‚r –¾’©,if([D1709] > [9999]){SHOW()},END,0,
STR,726,783,0,0,65536,,5,16777215,16777215,1,0000,Reserved1,0000,Reserved2,Reserved3,[D1610],20,0,0,0,0,0,0,0,128,0,0,0,0,‚l‚r –¾’©,0,16777215,0,0,,20,0,0,0,0,0,0,0,128,0,0,0,0,‚l‚r –¾’©,if([D1710] > [9999]){SHOW()},END,0,
STR,1275,510,0,0,65536,,5,16777215,16777215,1,0000,Reserved1,0000,Reserved2,Reserved3,[D1611],20,0,0,0,0,0,0,0,128,0,0,0,0,‚l‚r –¾’©,0,16777215,0,0,,20,0,0,0,0,0,0,0,128,0,0,0,0,‚l‚r –¾’©,if([D1711] > [9999]){SHOW()},END,0,
STR,1275,541,0,0,65536,,5,16777215,16777215,1,0000,Reserved1,0000,Reserved2,Reserved3,[D1612],20,0,0,0,0,0,0,0,128,0,0,0,0,‚l‚r –¾’©,0,16777215,0,0,,20,0,0,0,0,0,0,0,128,0,0,0,0,‚l‚r –¾’©,if([D1712] > [9999]){SHOW()},END,0,
STR,1275,571,0,0,65536,,5,16777215,16777215,1,0000,Reserved1,0000,Reserved2,Reserved3,[D1613],20,0,0,0,0,0,0,0,128,0,0,0,0,‚l‚r –¾’©,0,16777215,0,0,,20,0,0,0,0,0,0,0,128,0,0,0,0,‚l‚r –¾’©,if([D1713] > [9999]){SHOW()},END,0,
STR,1276,602,0,0,65536,,5,16777215,16777215,1,0000,Reserved1,0000,Reserved2,Reserved3,[D1614],20,0,0,0,0,0,0,0,128,0,0,0,0,‚l‚r –¾’©,0,16777215,0,0,,20,0,0,0,0,0,0,0,128,0,0,0,0,‚l‚r –¾’©,if([D1714] > [9999]){SHOW()},END,0,
STR,1275,632,0,0,65536,,5,16777215,16777215,1,0000,Reserved1,0000,Reserved2,Reserved3,[D1615],20,0,0,0,0,0,0,0,128,0,0,0,0,‚l‚r –¾’©,0,16777215,0,0,,20,0,0,0,0,0,0,0,128,0,0,0,0,‚l‚r –¾’©,if([D1715] > [9999]){SHOW()},END,0,
STR,1275,663,0,0,65536,,5,16777215,16777215,1,0000,Reserved1,0000,Reserved2,Reserved3,[D1616],20,0,0,0,0,0,0,0,128,0,0,0,0,‚l‚r –¾’©,0,16777215,0,0,,20,0,0,0,0,0,0,0,128,0,0,0,0,‚l‚r –¾’©,if([D1716] > [9999]){SHOW()},END,0,
STR,1275,693,0,0,65536,,5,16777215,16777215,1,0000,Reserved1,0000,Reserved2,Reserved3,[D1617],20,0,0,0,0,0,0,0,128,0,0,0,0,‚l‚r –¾’©,0,16777215,0,0,,20,0,0,0,0,0,0,0,128,0,0,0,0,‚l‚r –¾’©,if([D1717] > [9999]){SHOW()},END,0,
STR,1275,724,0,0,65536,,5,16777215,16777215,1,0000,Reserved1,0000,Reserved2,Reserved3,[D1618],20,0,0,0,0,0,0,0,128,0,0,0,0,‚l‚r –¾’©,0,16777215,0,0,,20,0,0,0,0,0,0,0,128,0,0,0,0,‚l‚r –¾’©,if([D1718] > [9999]){SHOW()},END,0,
STR,1275,752,0,0,65536,,5,16777215,16777215,1,0000,Reserved1,0000,Reserved2,Reserved3,[D1619],20,0,0,0,0,0,0,0,128,0,0,0,0,‚l‚r –¾’©,0,16777215,0,0,,20,0,0,0,0,0,0,0,128,0,0,0,0,‚l‚r –¾’©,if([D1719] > [9999]){SHOW()},END,0,
STR,1275,783,0,0,65536,,5,16777215,16777215,1,0000,Reserved1,0000,Reserved2,Reserved3,[D1620],20,0,0,0,0,0,0,0,128,0,0,0,0,‚l‚r –¾’©,0,16777215,0,0,,20,0,0,0,0,0,0,0,128,0,0,0,0,‚l‚r –¾’©,if([D1720] > [9999]){SHOW()},END,0,
CHA,0,0,0,0,0,45,0,65536,1,,5,.\BMP\alarm2.bmp,,.\BMP\alarm2.bmp,0,0,if([M949]){SHOW()},END,0,,,,,,,,,,,,,,,,,,,,,,,,,,,,,,,,,,
CHA,0,0,0,0,0,45,0,65536,1,,5,.\BMP\alarm.bmp,,.\BMP\alarm.bmp,0,0,if([M949]){SHOW()},if([1]){BLINK(FAST)},END,0,,,,,,,,,,,,,,,,,,,,,,,,,,,,,,,,,
LINE,1473,730,0,0,65536,PRG-CHG,1,1558,761,255,12632256,1,0,1,1,0,0,0,END,0,,,,,,,,,,,,,,,,,,,,,,,,,,,,,,,,,
STR,1537,756,0,0,65536,,5,8388608,65280,1,–³‚µ,Reserved1,,Reserved2,Reserved3,,-20,0,0,0,700,0,0,0,128,3,2,1,49,‚l‚r ƒSƒVƒbƒN,0,16777215,16777215,0,’PˆÊ,20,0,0,0,0,0,0,0,128,0,0,0,0,‚l‚r –¾’©,if([DO1(PRG-CHG)]){STRING(—L‚è)},END,0,
STR,1586,722,0,0,65536,,5,16777215,16777215,1,I—¹‰^“]Œp‘±,Reserved1,,Reserved2,Reserved3,,20,0,0,0,0,0,0,0,128,0,0,0,0,‚l‚r –¾’©,0,16777215,16777215,0,’PˆÊ,20,0,0,0,0,0,0,0,128,0,0,0,0,‚l‚r –¾’©,END,0,,
STR,1068,399,0,0,65536,,5,16777215,16777215,1,‰^“]Œo‰ß‰ñ”,Reserved1,,Reserved2,Reserved3,,20,0,0,0,0,0,0,0,128,0,0,0,0,‚l‚r –¾’©,0,16777215,16777215,0,’PˆÊ,20,0,0,0,0,0,0,0,128,0,0,0,0,‚l‚r –¾’©,END,0,,
STR,1216,399,0,0,65536,,5,16777215,16777215,1,‰^“]İ’è‰ñ”,Reserved1,,Reserved2,Reserved3,,20,0,0,0,0,0,0,0,128,0,0,0,0,‚l‚r –¾’©,0,16777215,16777215,0,’PˆÊ,20,0,0,0,0,0,0,0,128,0,0,0,0,‚l‚r –¾’©,END,0,,
LINE,987,403,0,0,65536,,2,1026,433,16777215,12632256,1,0,1,1,0,0,0,END,0,,,,,,,,,,,,,,,,,,,,,,,,,,,,,,,,,
STR,1091,428,0,0,65536,,5,16777215,16777215,1,/,Reserved1,,Reserved2,Reserved3,,20,0,0,0,0,0,0,0,128,0,0,0,0,‚l‚r –¾’©,0,16777215,16777215,0,’PˆÊ,20,0,0,0,0,0,0,0,128,0,0,0,0,‚l‚r –¾’©,END,0,,
STR,1018,430,0,0,65536,,5,8388608,16777215,1,00,Reserved1,00,Reserved2,Reserved3,[D2050],-20,0,0,0,400,0,0,0,128,3,2,1,17,‚l‚r –¾’©,0,16777215,16777215,0,’PˆÊ,20,0,0,0,0,0,0,0,128,0,0,0,0,‚l‚r –¾’©,END,0,,
STR,1167,430,0,0,65536,,5,8388608,16777215,1,00,Reserved1,00,Reserved2,Reserved3,[D2051],-20,0,0,0,400,0,0,0,128,3,2,1,17,‚l‚r –¾’©,0,16777215,16777215,0,’PˆÊ,20,0,0,0,0,0,0,0,128,0,0,0,0,‚l‚r –¾’©,END,0,,
STR,264,405,0,0,65536,”r‹Cƒtƒ@ƒ“ƒ}ƒjƒ…ƒAƒ‹§Œä‰^“]ğŒ,4,16777215,0,1,”r‹Cƒ}ƒjƒ…ƒAƒ‹§Œä,Reserved1,,Reserved2,Reserved3,,-24,0,0,0,400,0,0,0,128,3,2,1,17,‚l‚r –¾’©,0,16777215,16777215,0,’PˆÊ,20,0,0,0,0,0,0,0,128,0,0,0,0,‚l‚r –¾’©,END,0,,
LINE,20,368,0,0,65536,,5,304,791,16777215,16777215,1,0,1,0,0,0,0,END,0,,,,,,,,,,,,,,,,,,,,,,,,,,,,,,,,,
STR,175,516,0,0,65536,,5,16777215,16777215,1,”r‹Cƒtƒ@ƒ“§Œä,Reserved1,,Reserved2,Reserved3,,20,0,0,0,0,0,0,0,128,0,0,0,0,‚l‚r –¾’©,0,16777215,16777215,0,’PˆÊ,20,0,0,0,0,0,0,0,128,0,0,0,0,‚l‚r –¾’©,END,0,,
STR,146,551,0,0,65536,,5,16777215,16777215,1,İ’è’l,Reserved1,,Reserved2,Reserved3,,20,0,0,0,0,0,0,0,128,0,0,0,0,‚l‚r –¾’©,0,16777215,16777215,0,’PˆÊ,20,0,0,0,0,0,0,0,128,0,0,0,0,‚l‚r –¾’©,END,0,,
STR,143,591,0,0,65536,,5,16777215,16777215,1,0.0,Reserved1,0.0,Reserved2,Reserved3,[D-EXF-PW-SV],20,0,0,0,0,0,0,0,128,0,0,0,0,‚l‚r –¾’©,1,16777215,0,0,%,20,0,0,0,0,0,0,0,128,0,0,0,0,‚l‚r –¾’©,END,0,,
LINE,186,566,0,0,65536,,2,260,597,255,12632256,1,0,1,1,0,0,0,END,0,,,,,,,,,,,,,,,,,,,,,,,,,,,,,,,,,
STR,169,591,0,1,65536,EX-PW-ST,1,8388608,12632256,2,<<,Reserved1,,Reserved2,Reserved3,,-20,0,0,0,700,0,0,0,128,3,2,1,49,‚l‚r ƒSƒVƒbƒN,0,16777215,16777215,0,’PˆÊ,20,0,0,0,0,0,0,0,128,0,0,0,0,‚l‚r –¾’©,END,0,,
STR,251,591,0,0,65536,D2042,2,8388608,16777215,1,0.0,Reserved1,0.0,Reserved2,Reserved3,[D2042],-20,0,0,0,700,0,0,0,128,3,2,1,49,‚l‚r ƒSƒVƒbƒN,0,16777215,16777215,0,’PˆÊ,20,0,0,0,0,0,0,0,128,0,0,0,0,‚l‚r –¾’©,END,0,,
STR,279,591,0,0,65536,,5,16777215,16777215,1,%,Reserved1,,Reserved2,Reserved3,,20,0,0,0,0,0,0,0,128,0,0,0,0,‚l‚r –¾’©,0,16777215,16777215,0,’PˆÊ,20,0,0,0,0,0,0,0,128,0,0,0,0,‚l‚r –¾’©,END,0,,
STR,74,639,0,0,65536,,5,16777215,16777215,1,ŠÔ,Reserved1,,Reserved2,Reserved3,,20,0,0,0,0,0,0,0,128,0,0,0,0,‚l‚r –¾’©,0,16777215,16777215,0,’PˆÊ,20,0,0,0,0,0,0,0,128,0,0,0,0,‚l‚r –¾’©,END,0,,
STR,143,639,0,0,65536,,5,16777215,16777215,1,0,Reserved1,0,Reserved2,Reserved3,[D-EXF-TM-SV],20,0,0,0,0,0,0,0,128,0,0,0,0,‚l‚r –¾’©,1,16777215,0,0,•b,20,0,0,0,0,0,0,0,128,0,0,0,0,‚l‚r –¾’©,END,0,,
LINE,186,614,0,0,65536,,2,260,645,255,12632256,1,0,1,1,0,0,0,END,0,,,,,,,,,,,,,,,,,,,,,,,,,,,,,,,,,
STR,169,639,0,1,65536,EX-TM-ST,1,8388608,12632256,2,<<,Reserved1,,Reserved2,Reserved3,,-20,0,0,0,700,0,0,0,128,3,2,1,49,‚l‚r ƒSƒVƒbƒN,0,16777215,16777215,0,’PˆÊ,20,0,0,0,0,0,0,0,128,0,0,0,0,‚l‚r –¾’©,END,0,,
STR,251,639,0,0,65536,D2043,2,8388608,16777215,1,0,Reserved1,0,Reserved2,Reserved3,[D2043],-20,0,0,0,700,0,0,0,128,3,2,1,49,‚l‚r ƒSƒVƒbƒN,0,16777215,16777215,0,’PˆÊ,20,0,0,0,0,0,0,0,128,0,0,0,0,‚l‚r –¾’©,END,0,,
STR,287,639,0,0,65536,,5,16777215,16777215,1,•b,Reserved1,,Reserved2,Reserved3,,20,0,0,0,0,0,0,0,128,0,0,0,0,‚l‚r –¾’©,0,16777215,16777215,0,’PˆÊ,20,0,0,0,0,0,0,0,128,0,0,0,0,‚l‚r –¾’©,END,0,,
LINE,149,715,0,0,65536,EX-RUN,1,283,746,255,12632256,1,0,1,1,0,0,0,END,0,,,,,,,,,,,,,,,,,,,,,,,,,,,,,,,,,
STR,279,740,0,0,65536,EX-RUN,1,8388608,65280,1,è“®§ŒäŠJn,Reserved1,,Reserved2,Reserved3,,-20,0,0,0,700,0,0,0,128,3,2,1,49,‚l‚r ƒSƒVƒbƒN,0,16777215,16777215,0,’PˆÊ,20,0,0,0,0,0,0,0,128,0,0,0,0,‚l‚r –¾’©,if([M2020]){STRING(è“®§Œä’â~)},END,0,
LINE,37,714,0,0,65280,,5,140,746,16777215,12632256,1,0,1,1,0,0,0,if([M2020]){COLORCHANGE()},END,0,,,,,,,,,,,,,,,,,,,,,,,,,,,,,,,,
STR,139,740,0,0,65536,,5,8388608,65280,1,©“®§Œä’†,Reserved1,,Reserved2,Reserved3,,-20,0,0,0,400,0,0,0,128,3,2,1,17,‚l‚r –¾’©,0,16777215,16777215,0,’PˆÊ,20,0,0,0,0,0,0,0,128,0,0,0,0,‚l‚r –¾’©,if([M2020]){STRING(è“®§Œä’†)},END,0,
STR,873,478,0,0,65536,,5,16777215,0,1,ƒ|[ƒY,Reserved1,,Reserved2,Reserved3,,-24,0,0,0,400,0,0,0,128,3,2,1,17,‚l‚r –¾’©,0,16777215,16777215,0,’PˆÊ,20,0,0,0,0,0,0,0,128,0,0,0,0,‚l‚r –¾’©,END,0,,
STR,74,591,0,0,65536,,5,16777215,16777215,1,o—Í,Reserved1,,Reserved2,Reserved3,,20,0,0,0,0,0,0,0,128,0,0,0,0,‚l‚r –¾’©,0,16777215,16777215,0,’PˆÊ,20,0,0,0,0,0,0,0,128,0,0,0,0,‚l‚r –¾’©,END,0,,
STR,1420,478,0,0,65536,,5,16777215,0,1,ƒ|[ƒY,Reserved1,,Reserved2,Reserved3,,-24,0,0,0,400,0,0,0,128,3,2,1,17,‚l‚r –¾’©,0,16777215,16777215,0,’PˆÊ,20,0,0,0,0,0,0,0,128,0,0,0,0,‚l‚r –¾’©,END,0,,
STR,849,510,0,0,65536,,5,16777215,16777215,1,–³,Reserved1,,Reserved2,Reserved3,,20,0,0,0,0,0,0,0,128,0,0,0,0,‚l‚r –¾’©,0,16777215,16777215,0,’PˆÊ,20,0,0,0,0,0,0,0,128,0,0,0,0,‚l‚r –¾’©,if([M1701]){STRING(—L)},END,0,
STR,849,539,0,0,65536,,5,16777215,16777215,1,–³,Reserved1,,Reserved2,Reserved3,,20,0,0,0,0,0,0,0,128,0,0,0,0,‚l‚r –¾’©,0,16777215,16777215,0,’PˆÊ,20,0,0,0,0,0,0,0,128,0,0,0,0,‚l‚r –¾’©,if([M1702]){STRING(—L)},END,0,
STR,849,568,0,0,65536,,5,16777215,16777215,1,–³,Reserved1,,Reserved2,Reserved3,,20,0,0,0,0,0,0,0,128,0,0,0,0,‚l‚r –¾’©,0,16777215,16777215,0,’PˆÊ,20,0,0,0,0,0,0,0,128,0,0,0,0,‚l‚r –¾’©,if([M1703]){STRING(—L)},END,0,
STR,849,599,0,0,65536,,5,16777215,16777215,1,–³,Reserved1,,Reserved2,Reserved3,,20,0,0,0,0,0,0,0,128,0,0,0,0,‚l‚r –¾’©,0,16777215,16777215,0,’PˆÊ,20,0,0,0,0,0,0,0,128,0,0,0,0,‚l‚r –¾’©,if([M1704]){STRING(—L)},END,0,
STR,849,629,0,0,65536,,5,16777215,16777215,1,–³,Reserved1,,Reserved2,Reserved3,,20,0,0,0,0,0,0,0,128,0,0,0,0,‚l‚r –¾’©,0,16777215,16777215,0,’PˆÊ,20,0,0,0,0,0,0,0,128,0,0,0,0,‚l‚r –¾’©,if([M1705]){STRING(—L)},END,0,
STR,849,660,0,0,65536,,5,16777215,16777215,1,–³,Reserved1,,Reserved2,Reserved3,,20,0,0,0,0,0,0,0,128,0,0,0,0,‚l‚r –¾’©,0,16777215,16777215,0,’PˆÊ,20,0,0,0,0,0,0,0,128,0,0,0,0,‚l‚r –¾’©,if([M1706]){STRING(—L)},END,0,
STR,849,690,0,0,65536,,5,16777215,16777215,1,–³,Reserved1,,Reserved2,Reserved3,,20,0,0,0,0,0,0,0,128,0,0,0,0,‚l‚r –¾’©,0,16777215,16777215,0,’PˆÊ,20,0,0,0,0,0,0,0,128,0,0,0,0,‚l‚r –¾’©,if([M1707]){STRING(—L)},END,0,
STR,849,721,0,0,65536,,5,16777215,16777215,1,–³,Reserved1,,Reserved2,Reserved3,,20,0,0,0,0,0,0,0,128,0,0,0,0,‚l‚r –¾’©,0,16777215,16777215,0,’PˆÊ,20,0,0,0,0,0,0,0,128,0,0,0,0,‚l‚r –¾’©,if([M1708]){STRING(—L)},END,0,
STR,849,750,0,0,65536,,5,16777215,16777215,1,–³,Reserved1,,Reserved2,Reserved3,,20,0,0,0,0,0,0,0,128,0,0,0,0,‚l‚r –¾’©,0,16777215,16777215,0,’PˆÊ,20,0,0,0,0,0,0,0,128,0,0,0,0,‚l‚r –¾’©,if([M1709]){STRING(—L)},END,0,
STR,849,781,0,0,65536,,5,16777215,16777215,1,–³,Reserved1,,Reserved2,Reserved3,,20,0,0,0,0,0,0,0,128,0,0,0,0,‚l‚r –¾’©,0,16777215,16777215,0,’PˆÊ,20,0,0,0,0,0,0,0,128,0,0,0,0,‚l‚r –¾’©,if([M1710]){STRING(—L)},END,0,
STR,1395,510,0,0,65536,,5,16777215,16777215,1,–³,Reserved1,,Reserved2,Reserved3,,20,0,0,0,0,0,0,0,128,0,0,0,0,‚l‚r –¾’©,0,16777215,16777215,0,’PˆÊ,20,0,0,0,0,0,0,0,128,0,0,0,0,‚l‚r –¾’©,if([M1711]){STRING(—L)},END,0,
STR,1395,539,0,0,65536,,5,16777215,16777215,1,–³,Reserved1,,Reserved2,Reserved3,,20,0,0,0,0,0,0,0,128,0,0,0,0,‚l‚r –¾’©,0,16777215,16777215,0,’PˆÊ,20,0,0,0,0,0,0,0,128,0,0,0,0,‚l‚r –¾’©,if([M1712]){STRING(—L)},END,0,
STR,1395,570,0,0,65536,,5,16777215,16777215,1,–³,Reserved1,,Reserved2,Reserved3,,20,0,0,0,0,0,0,0,128,0,0,0,0,‚l‚r –¾’©,0,16777215,16777215,0,’PˆÊ,20,0,0,0,0,0,0,0,128,0,0,0,0,‚l‚r –¾’©,if([M1713]){STRING(—L)},END,0,
STR,1395,601,0,0,65536,,5,16777215,16777215,1,–³,Reserved1,,Reserved2,Reserved3,,20,0,0,0,0,0,0,0,128,0,0,0,0,‚l‚r –¾’©,0,16777215,16777215,0,’PˆÊ,20,0,0,0,0,0,0,0,128,0,0,0,0,‚l‚r –¾’©,if([M1714]){STRING(—L)},END,0,
STR,1395,629,0,0,65536,,5,16777215,16777215,1,–³,Reserved1,,Reserved2,Reserved3,,20,0,0,0,0,0,0,0,128,0,0,0,0,‚l‚r –¾’©,0,16777215,16777215,0,’PˆÊ,20,0,0,0,0,0,0,0,128,0,0,0,0,‚l‚r –¾’©,if([M1715]){STRING(—L)},END,0,
STR,1395,660,0,0,65536,,5,16777215,16777215,1,–³,Reserved1,,Reserved2,Reserved3,,20,0,0,0,0,0,0,0,128,0,0,0,0,‚l‚r –¾’©,0,16777215,16777215,0,’PˆÊ,20,0,0,0,0,0,0,0,128,0,0,0,0,‚l‚r –¾’©,if([M1716]){STRING(—L)},END,0,
STR,1395,690,0,0,65536,,5,16777215,16777215,1,–³,Reserved1,,Reserved2,Reserved3,,20,0,0,0,0,0,0,0,128,0,0,0,0,‚l‚r –¾’©,0,16777215,16777215,0,’PˆÊ,20,0,0,0,0,0,0,0,128,0,0,0,0,‚l‚r –¾’©,if([M1717]){STRING(—L)},END,0,
STR,1395,721,0,0,65536,,5,16777215,16777215,1,–³,Reserved1,,Reserved2,Reserved3,,20,0,0,0,0,0,0,0,128,0,0,0,0,‚l‚r –¾’©,0,16777215,16777215,0,’PˆÊ,20,0,0,0,0,0,0,0,128,0,0,0,0,‚l‚r –¾’©,if([M1718]){STRING(—L)},END,0,
STR,1395,750,0,0,65536,,5,16777215,16777215,1,–³,Reserved1,,Reserved2,Reserved3,,20,0,0,0,0,0,0,0,128,0,0,0,0,‚l‚r –¾’©,0,16777215,16777215,0,’PˆÊ,20,0,0,0,0,0,0,0,128,0,0,0,0,‚l‚r –¾’©,if([M1719]){STRING(—L)},END,0,
STR,1395,781,0,0,65536,,5,16777215,16777215,1,–³,Reserved1,,Reserved2,Reserved3,,20,0,0,0,0,0,0,0,128,0,0,0,0,‚l‚r –¾’©,0,16777215,16777215,0,’PˆÊ,20,0,0,0,0,0,0,0,128,0,0,0,0,‚l‚r –¾’©,if([M1720]){STRING(—L)},END,0,
LINE,335,603,0,0,65536,,5,875,603,16777215,16777215,1,0,0,0,0,0,0,END,0,,,,,,,,,,,,,,,,,,,,,,,,,,,,,,,,,
LINE,335,693,0,0,65536,,5,874,693,16777215,16777215,1,0,0,0,0,0,0,END,0,,,,,,,,,,,,,,,,,,,,,,,,,,,,,,,,,
LINE,335,753,0,0,65536,,5,873,753,16777215,16777215,1,0,0,0,0,0,0,END,0,,,,,,,,,,,,,,,,,,,,,,,,,,,,,,,,,
LINE,801,453,0,0,65536,,5,801,784,16777215,16777215,1,0,0,0,0,0,0,END,0,,,,,,,,,,,,,,,,,,,,,,,,,,,,,,,,,
LINE,1348,453,0,0,65536,,5,1348,784,16777215,16777215,1,0,0,0,0,0,0,END,0,,,,,,,,,,,,,,,,,,,,,,,,,,,,,,,,,
LINE,881,483,0,0,65536,,5,1419,483,16777215,16777215,1,0,0,0,0,0,0,END,0,,,,,,,,,,,,,,,,,,,,,,,,,,,,,,,,,
LINE,881,513,0,0,65536,,5,1419,513,16777215,16777215,1,0,0,0,0,0,0,END,0,,,,,,,,,,,,,,,,,,,,,,,,,,,,,,,,,
LINE,881,543,0,0,65536,,5,1419,543,16777215,16777215,1,0,0,0,0,0,0,END,0,,,,,,,,,,,,,,,,,,,,,,,,,,,,,,,,,
LINE,882,573,0,0,65536,,5,1420,573,16777215,16777215,1,0,0,0,0,0,0,END,0,,,,,,,,,,,,,,,,,,,,,,,,,,,,,,,,,
LINE,882,603,0,0,65536,,5,1420,603,16777215,16777215,1,0,0,0,0,0,0,END,0,,,,,,,,,,,,,,,,,,,,,,,,,,,,,,,,,
LINE,882,634,0,0,65536,,5,1420,634,16777215,16777215,1,0,0,0,0,0,0,END,0,,,,,,,,,,,,,,,,,,,,,,,,,,,,,,,,,
LINE,881,663,0,0,65536,,5,1419,663,16777215,16777215,1,0,0,0,0,0,0,END,0,,,,,,,,,,,,,,,,,,,,,,,,,,,,,,,,,
LINE,882,693,0,0,65536,,5,1420,693,16777215,16777215,1,0,0,0,0,0,0,END,0,,,,,,,,,,,,,,,,,,,,,,,,,,,,,,,,,
LINE,881,753,0,0,65536,,5,1419,753,16777215,16777215,1,0,0,0,0,0,0,END,0,,,,,,,,,,,,,,,,,,,,,,,,,,,,,,,,,
LINE,882,724,0,0,65536,,5,1420,724,16777215,16777215,1,0,0,0,0,0,0,END,0,,,,,,,,,,,,,,,,,,,,,,,,,,,,,,,,,
STR,268,437,0,0,65536,,5,16777215,16777215,1,Œ»İ’l,Reserved1,,Reserved2,Reserved3,,20,0,0,0,0,0,0,0,128,0,0,0,0,‚l‚r –¾’©,0,16777215,16777215,0,’PˆÊ,20,0,0,0,0,0,0,0,128,0,0,0,0,‚l‚r –¾’©,END,0,,
STR,279,466,0,0,65536,,2,16777215,16777215,1,-5000,Reserved1,0,Reserved2,Reserved3,[D-EXF-PI-PV],20,0,0,0,0,0,0,0,128,0,0,0,0,‚l‚r –¾’©,1,16777215,0,0,Pa,20,0,0,0,0,0,0,0,128,0,0,0,0,‚l‚r –¾’©,END,0,,
STR,135,466,0,0,65536,,5,16777215,16777215,1,Œ±ºˆ³—Í,Reserved1,,Reserved2,Reserved3,,20,0,0,0,0,0,0,0,128,0,0,0,0,‚l‚r –¾’©,0,16777215,16777215,0,’PˆÊ,20,0,0,0,0,0,0,0,128,0,0,0,0,‚l‚r –¾’©,END,0,,
STR,194,690,0,0,65536,,5,16777215,16777215,1,è“®§Œäc‚èŠÔ,Reserved1,,Reserved2,Reserved3,,20,0,0,0,0,0,0,0,128,0,0,0,0,‚l‚r –¾’©,0,16777215,16777215,0,’PˆÊ,20,0,0,0,0,0,0,0,128,0,0,0,0,‚l‚r –¾’©,if([M2020]){SHOW()},END,0,
STR,287,690,0,0,65536,,5,16777215,16777215,1,0,Reserved1,0,Reserved2,Reserved3,[D-EXF-RSEC],20,0,0,0,0,0,0,0,128,0,0,0,0,‚l‚r –¾’©,1,16777215,0,0,•b,20,0,0,0,0,0,0,0,128,0,0,0,0,‚l‚r –¾’©,if([M2020]){SHOW()},END,0,
LINE,336,634,0,0,65536,,5,873,634,16777215,16777215,1,0,0,0,0,0,0,END,0,,,,,,,,,,,,,,,,,,,,,,,,,,,,,,,,,
LINE,336,663,0,0,65536,,5,873,663,16777215,16777215,1,0,0,0,0,0,0,END,0,,,,,,,,,,,,,,,,,,,,,,,,,,,,,,,,,
LINE,337,724,0,0,65536,,5,874,724,16777215,16777215,1,0,0,0,0,0,0,END,0,,,,,,,,,,,,,,,,,,,,,,,,,,,,,,,,,
